{"type":"FeatureCollection", "features": [
{"type":"Feature","geometry":{"type":"Polygon","coordinates":[[[-129.0527,50.8802],[-129.0734,50.8902],[-129.0941,50.8887],[-129.109,50.8807],[-129.1162,50.8732],[-129.1218,50.8554],[-129.1145,50.8422],[-129.104,50.8373],[-129.0805,50.8323],[-129.0685,50.8328],[-129.0581,50.8367],[-129.0496,50.845],[-129.0349,50.8515],[-129.03,50.8603],[-129.035,50.8716],[-129.0527,50.8802]],[[-129.0786,50.8463],[-129.0937,50.8494],[-129.1036,50.8539],[-129.1048,50.8658],[-129.0962,50.8762],[-129.0785,50.8791],[-129.0667,50.8748],[-129.0579,50.8658],[-129.0574,50.865],[-129.052,50.8617],[-129.0579,50.8582],[-129.0626,50.8495],[-129.0761,50.846],[-129.0786,50.8463]]]},"properties":{"UID":"S2_CC_822","Category_Simple":"Existing MPA/RCA - 'as-is, where-is'","Area_km2":20.62030241515203,"SUBREGION":"CC","EA_Common_site_name_Site_Profil":"Scott Islands Site","Exist_AIWI_Type":"mNWA Scott Isl"}},
{"type":"Feature","geometry":{"type":"Polygon","coordinates":[[[-129.0574,50.865],[-129.0551,50.8607],[-129.0554,50.8604],[-129.0579,50.8582],[-129.052,50.8617],[-129.0574,50.865]]]},"properties":{"UID":"S2_CC_825","Category_Simple":"Existing MPA/RCA - 'as-is, where-is'","Area_km2":0.17839423061924692,"SUBREGION":"CC","EA_Common_site_name_Site_Profil":"Scott Islands Site","Exist_AIWI_Type":"mNWA Scott Isl"}},
{"type":"Feature","geometry":{"type":"Polygon","coordinates":[[[-129.0579,50.8582],[-129.0579,50.8658],[-129.0667,50.8748],[-129.0785,50.8791],[-129.0962,50.8762],[-129.1048,50.8658],[-129.1036,50.8539],[-129.0937,50.8494],[-129.0786,50.8463],[-129.0866,50.8523],[-129.0998,50.8537],[-129.0922,50.8712],[-129.0775,50.8761],[-129.0672,50.8639],[-129.0658,50.8565],[-129.0761,50.846],[-129.0626,50.8495],[-129.0579,50.8582]]]},"properties":{"UID":"S2_CC_823","Category_Simple":"Existing MPA/RCA - 'as-is, where-is'","Area_km2":4.313954471879292,"SUBREGION":"CC","EA_Common_site_name_Site_Profil":"Scott Islands Site","Exist_AIWI_Type":"mNWA Scott Isl"}},
{"type":"Feature","geometry":{"type":"MultiPolygon","coordinates":[[[[-129.0761,50.846],[-129.0658,50.8565],[-129.0672,50.8639],[-129.0775,50.8761],[-129.0922,50.8712],[-129.0998,50.8537],[-129.0866,50.8523],[-129.0786,50.8463],[-129.0761,50.846]]],[[[-129.0579,50.8658],[-129.0579,50.8582],[-129.0554,50.8604],[-129.0551,50.8607],[-129.0574,50.865],[-129.0579,50.8658]]]]},"properties":{"UID":"S2_CC_824","Category_Simple":"Existing MPA/RCA - 'as-is, where-is'","Area_km2":4.300066579424407,"SUBREGION":"CC","EA_Common_site_name_Site_Profil":"Scott Islands Site","Exist_AIWI_Type":"mNWA Scott Isl"}},
{"type":"Feature","geometry":{"type":"Polygon","coordinates":[[[-128.8209,51.0707],[-128.8259,51.0824],[-128.9045,51.1204],[-128.9664,51.17],[-129.0636,51.1679],[-129.2059,51.1066],[-129.2408,51.0517],[-129.3292,51.0241],[-129.342,51.0274],[-129.4661,51.0682],[-129.5112,51.1761],[-129.9481,51.1239],[-129.9527,51.1234],[-129.9923,51.1185],[-130.1017,51.0225],[-130.0974,51.0187],[-130.0835,51.0155],[-130.0685,51.0158],[-130.0331,51.0085],[-130.0068,51.0017],[-129.9936,51.0015],[-129.9826,50.9922],[-129.981,50.9815],[-129.9665,50.9816],[-129.9564,50.9785],[-129.9401,50.9694],[-129.9275,50.9594],[-129.9038,50.9543],[-129.8886,50.9481],[-129.8756,50.9384],[-129.8631,50.9331],[-129.8434,50.9165],[-129.8203,50.9065],[-129.8061,50.9058],[-129.7909,50.9091],[-129.7842,50.9039],[-129.7831,50.8879],[-129.7703,50.8775],[-129.7549,50.8797],[-129.7416,50.8773],[-129.741,50.8728],[-129.7495,50.8638],[-129.7465,50.8535],[-129.7362,50.8475],[-129.727,50.8369],[-129.7033,50.8303],[-129.693,50.8206],[-129.6842,50.8165],[-129.6663,50.8136],[-129.6468,50.815],[-129.636,50.8087],[-129.6121,50.809],[-129.6006,50.803],[-129.5932,50.7923],[-129.5885,50.7749],[-129.5802,50.7716],[-129.5415,50.7785],[-129.525,50.7744],[-129.5081,50.7594],[-129.4852,50.7574],[-129.4707,50.7413],[-129.4587,50.7359],[-129.4448,50.7345],[-129.4356,50.7176],[-129.4059,50.6991],[-129.3845,50.6951],[-129.3851,50.6846],[-129.3808,50.6754],[-129.3814,50.6661],[-129.373,50.6578],[-129.3576,50.6573],[-129.3475,50.6534],[-129.3358,50.6434],[-129.325,50.6276],[-129.3127,50.624],[-129.2984,50.6236],[-129.2828,50.63],[-129.269,50.6297],[-129.2577,50.6322],[-129.2509,50.6256],[-129.252,50.6085],[-129.2474,50.5935],[-129.2375,50.5842],[-129.2264,50.5791],[-129.2016,50.575],[-129.183,50.5763],[-129.1674,50.5688],[-129.1588,50.56],[-129.1368,50.5485],[-129.121,50.5533],[-129.1144,50.5594],[-129.1198,50.5775],[-129.1155,50.5871],[-129.1062,50.5924],[-129.1073,50.6039],[-129.087,50.6034],[-129.0774,50.6057],[-129.0661,50.6152],[-129.0639,50.6292],[-129.0565,50.6334],[-129.0396,50.6328],[-129.0379,50.6343],[-128.9614,50.6706],[-128.9674,50.6877],[-129.0192,50.7078],[-128.9809,50.726],[-129.0218,50.842],[-129.0081,50.9117],[-129.0116,50.9115],[-128.9326,51.0311],[-128.8209,51.0707]],[[-129.0527,50.8802],[-129.035,50.8716],[-129.03,50.8603],[-129.0349,50.8515],[-129.0496,50.845],[-129.0581,50.8367],[-129.0685,50.8328],[-129.0805,50.8323],[-129.104,50.8373],[-129.1145,50.8422],[-129.1218,50.8554],[-129.1162,50.8732],[-129.109,50.8807],[-129.0941,50.8887],[-129.0734,50.8902],[-129.0527,50.8802]],[[-129.5865,50.916],[-129.5364,50.972],[-129.5011,50.9632],[-129.5423,50.9035],[-129.326,50.8409],[-129.2861,50.7756],[-129.3335,50.748],[-129.3716,50.7479],[-129.4279,50.806],[-129.6195,50.8595],[-129.5865,50.916]]]},"properties":{"UID":"S2_CC_820","Category_Simple":"Existing MPA/RCA - 'as-is, where-is'","Area_km2":2827.12661270423,"SUBREGION":"CC","EA_Common_site_name_Site_Profil":"Scott Islands Site","Exist_AIWI_Type":"mNWA Scott Isl"}},
{"type":"Feature","geometry":{"type":"MultiPolygon","coordinates":[[[[-128.9674,50.6877],[-128.9809,50.726],[-129.0192,50.7078],[-128.9674,50.6877]]],[[[-128.8209,51.0707],[-128.7468,51.0968],[-128.5105,51.1557],[-128.6126,51.2514],[-128.7837,51.2493],[-128.9293,51.2428],[-129.5112,51.1761],[-129.4661,51.0682],[-129.342,51.0274],[-129.3292,51.0241],[-129.2408,51.0517],[-129.2059,51.1066],[-129.0636,51.1679],[-128.9664,51.17],[-128.9045,51.1204],[-128.8259,51.0824],[-128.8209,51.0707]]],[[[-129.5865,50.916],[-129.6195,50.8595],[-129.4279,50.806],[-129.3716,50.7479],[-129.3335,50.748],[-129.2861,50.7756],[-129.326,50.8409],[-129.5423,50.9035],[-129.5011,50.9632],[-129.5364,50.972],[-129.5865,50.916]]]]},"properties":{"UID":"S2_CC_821","Category_Simple":"Existing MPA/RCA - 'as-is, where-is'","Area_km2":1094.221203697395,"SUBREGION":"CC","EA_Common_site_name_Site_Profil":"Scott Islands Site","Exist_AIWI_Type":"mNWA Scott Isl"}},
{"type":"Feature","geometry":{"type":"Polygon","coordinates":[[[-128.1682,51.5899],[-128.18,51.4803],[-128.0895,51.4803],[-128.0924,51.4898],[-128.0928,51.5064],[-128.1047,51.5166],[-128.1071,51.5283],[-128.115,51.5491],[-128.1152,51.5618],[-128.1218,51.578],[-128.1288,51.5849],[-128.1388,51.5865],[-128.1491,51.597],[-128.1675,51.597],[-128.1682,51.5899]]]},"properties":{"UID":"S2_CC_110","Category_Simple":"Category 1","Area_km2":56.646784636574026,"SUBREGION":"CC","EA_Common_site_name_Site_Profil":"Hakai Site","Exist_AIWI_Type":null}},
{"type":"Feature","geometry":{"type":"Polygon","coordinates":[[[-127.7955,51.5622],[-127.7941,51.5774],[-127.7888,51.5858],[-127.7959,51.5955],[-127.7831,51.6058],[-127.7748,51.6049],[-127.7711,51.5988],[-127.7519,51.5988],[-127.7445,51.6067],[-127.7353,51.6048],[-127.7031,51.6069],[-127.6832,51.6039],[-127.6782,51.6072],[-127.6886,51.6135],[-127.6908,51.6198],[-127.6855,51.6259],[-127.691,51.6296],[-127.6994,51.6216],[-127.7151,51.6157],[-127.7236,51.6238],[-127.7155,51.6357],[-127.7156,51.651],[-127.7221,51.6499],[-127.727,51.6281],[-127.7324,51.6364],[-127.744,51.6288],[-127.7519,51.629],[-127.7514,51.638],[-127.7568,51.6482],[-127.7639,51.6537],[-127.7668,51.6634],[-127.7759,51.6755],[-127.7709,51.6771],[-127.7479,51.674],[-127.7351,51.6683],[-127.7288,51.6712],[-127.7361,51.6786],[-127.7529,51.6766],[-127.7633,51.6886],[-127.7749,51.6901],[-127.8142,51.6852],[-127.8242,51.6869],[-127.8279,51.6817],[-127.8176,51.679],[-127.7957,51.6791],[-127.7882,51.6741],[-127.7744,51.6582],[-127.765,51.6547],[-127.7604,51.6432],[-127.7749,51.6313],[-127.7933,51.6371],[-127.7921,51.6232],[-127.8069,51.6227],[-127.8231,51.6356],[-127.8245,51.6443],[-127.8318,51.6442],[-127.8357,51.6441],[-127.8374,51.644],[-127.8432,51.6426],[-127.8656,51.6248],[-127.8776,51.5879],[-127.8697,51.5761],[-127.8316,51.5702],[-127.8158,51.5621],[-127.7955,51.5622]],[[-127.8282,51.6104],[-127.8303,51.6045],[-127.8454,51.5985],[-127.8598,51.5994],[-127.8642,51.6031],[-127.859,51.6124],[-127.8508,51.6106],[-127.8282,51.6104]],[[-127.8238,51.6048],[-127.8199,51.6084],[-127.8021,51.6074],[-127.8057,51.5939],[-127.8157,51.583],[-127.8216,51.5824],[-127.8234,51.5929],[-127.8187,51.5955],[-127.8238,51.6048]]]},"properties":{"UID":"S2_CC_113","Category_Simple":"Category 1","Area_km2":60.269808474574404,"SUBREGION":"CC","EA_Common_site_name_Site_Profil":"Hakai Site","Exist_AIWI_Type":null}},
{"type":"Feature","geometry":{"type":"MultiPolygon","coordinates":[[[[-127.8432,51.6426],[-127.8501,51.6459],[-127.8698,51.6611],[-127.877,51.6696],[-127.8786,51.6895],[-127.89,51.6957],[-127.8666,51.7077],[-127.8876,51.7073],[-127.8951,51.7104],[-127.8961,51.6796],[-127.9451,51.662],[-127.9615,51.6561],[-127.9698,51.6535],[-127.9886,51.654],[-128.0027,51.658],[-128.0294,51.6559],[-128.0527,51.6587],[-128.0527,51.6586],[-128.0508,51.6529],[-128.0517,51.6519],[-128.01,51.6478],[-127.9844,51.6484],[-127.9606,51.6446],[-127.9491,51.6346],[-127.9384,51.6285],[-127.9267,51.6159],[-127.9214,51.6148],[-127.9077,51.5953],[-127.9019,51.5762],[-127.8964,51.5725],[-127.894,51.5636],[-127.8991,51.5491],[-127.9076,51.5427],[-127.9077,51.5349],[-127.9176,51.5271],[-127.908,51.5225],[-127.7963,51.529],[-127.7928,51.5511],[-127.7875,51.5568],[-127.7955,51.5622],[-127.8158,51.5621],[-127.8316,51.5702],[-127.8697,51.5761],[-127.8776,51.5879],[-127.8656,51.6248],[-127.8432,51.6426]]],[[[-127.8245,51.6443],[-127.8206,51.6606],[-127.8227,51.668],[-127.8374,51.644],[-127.8357,51.6441],[-127.8318,51.6442],[-127.8245,51.6443]]]]},"properties":{"UID":"S2_CC_112","Category_Simple":"Category 1","Area_km2":99.20118255973574,"SUBREGION":"CC","EA_Common_site_name_Site_Profil":"Hakai Site","Exist_AIWI_Type":null}},
{"type":"Feature","geometry":{"type":"Polygon","coordinates":[[[-128.7027,51.8384],[-128.8465,52.0064],[-129.1232,51.9993],[-129.1091,51.828],[-128.7027,51.8384]]]},"properties":{"UID":"S2_CC_152","Category_Simple":"Category 1","Area_km2":448.8453587650627,"SUBREGION":"CC","EA_Common_site_name_Site_Profil":"Goose Bank Site","Exist_AIWI_Type":null}},
{"type":"Feature","geometry":{"type":"Polygon","coordinates":[[[-127.8672,52.3627],[-127.8478,52.3522],[-127.8568,52.3741],[-127.8672,52.3627]]]},"properties":{"UID":"S2_CC_166","Category_Simple":"Category 1","Area_km2":2.1588098261558555,"SUBREGION":"CC","EA_Common_site_name_Site_Profil":"Spiller Channel Site","Exist_AIWI_Type":null}},
{"type":"Feature","geometry":{"type":"Polygon","coordinates":[[[-128.0929,52.2051],[-128.0953,52.2054],[-128.1124,52.1855],[-128.1124,52.1854],[-128.1205,52.1785],[-128.1322,52.1765],[-128.1441,52.1667],[-128.1452,52.1579],[-128.1387,52.136],[-128.134,52.1316],[-128.1394,52.1206],[-128.1457,52.1188],[-128.1343,52.0875],[-128.0995,52.0895],[-128.1156,52.1008],[-128.1174,52.1078],[-128.1099,52.1212],[-128.1212,52.1207],[-128.1332,52.1456],[-128.1342,52.1521],[-128.1216,52.1559],[-128.1092,52.1625],[-128.0744,52.1566],[-128.0438,52.1576],[-128.0359,52.1628],[-128.0171,52.1645],[-127.9989,52.169],[-127.9788,52.166],[-127.9738,52.1706],[-127.9893,52.1769],[-127.9968,52.1739],[-128.0121,52.1794],[-128.0147,52.1755],[-128.0364,52.1753],[-128.0525,52.1794],[-128.0635,52.1873],[-128.0772,52.1886],[-128.0843,52.1994],[-128.0929,52.2051]],[[-128.0768,52.1693],[-128.0543,52.1663],[-128.0519,52.1617],[-128.0736,52.1617],[-128.0768,52.1693]]]},"properties":{"UID":"S2_CC_162","Category_Simple":"Category 1","Area_km2":35.692483460402755,"SUBREGION":"CC","EA_Common_site_name_Site_Profil":"Spiller Channel Site","Exist_AIWI_Type":null}},
{"type":"Feature","geometry":{"type":"Polygon","coordinates":[[[-128.0953,52.2054],[-128.1111,52.2197],[-128.1112,52.2197],[-128.1118,52.2202],[-128.1172,52.2264],[-128.1173,52.2264],[-128.1248,52.233],[-128.1358,52.2346],[-128.1583,52.2416],[-128.1726,52.242],[-128.1735,52.2474],[-128.1491,52.2469],[-128.1521,52.2603],[-128.1392,52.2677],[-128.1258,52.271],[-128.1241,52.2763],[-128.1038,52.2923],[-128.1186,52.2999],[-128.123,52.2874],[-128.1288,52.2815],[-128.1489,52.2781],[-128.1595,52.2731],[-128.1639,52.28],[-128.1735,52.2839],[-128.178,52.2759],[-128.187,52.2744],[-128.1871,52.2744],[-128.2114,52.2629],[-128.1899,52.2585],[-128.1909,52.2503],[-128.2066,52.2497],[-128.2177,52.2517],[-128.2212,52.2565],[-128.2271,52.2462],[-128.2282,52.2436],[-128.2427,52.2247],[-128.2251,52.2218],[-128.2207,52.216],[-128.2057,52.2157],[-128.2075,52.2096],[-128.2173,52.2052],[-128.2056,52.1992],[-128.1822,52.2153],[-128.1703,52.214],[-128.1319,52.2026],[-128.1195,52.1946],[-128.1124,52.1855],[-128.0953,52.2054]]]},"properties":{"UID":"S2_CC_163","Category_Simple":"Category 1","Area_km2":46.61185331587431,"SUBREGION":"CC","EA_Common_site_name_Site_Profil":"Spiller Channel Site","Exist_AIWI_Type":null}},
{"type":"Feature","geometry":{"type":"MultiPolygon","coordinates":[[[[-128.2314,51.862],[-128.234,51.8828],[-128.2443,51.8809],[-128.252,51.8778],[-128.2592,51.8647],[-128.2563,51.8616],[-128.2471,51.8609],[-128.2371,51.8501],[-128.2373,51.8369],[-128.2524,51.8344],[-128.2653,51.8419],[-128.273,51.8402],[-128.2737,51.8399],[-128.2743,51.8392],[-128.2667,51.8245],[-128.2565,51.8172],[-128.2589,51.8083],[-128.2713,51.8048],[-128.2688,51.7967],[-128.2554,51.7924],[-128.2335,51.7955],[-128.2301,51.7996],[-128.2123,51.7925],[-128.2097,51.7934],[-128.2097,51.7936],[-128.2053,51.7966],[-128.2047,51.7967],[-128.2045,51.7967],[-128.2042,51.7968],[-128.2036,51.7969],[-128.2025,51.797],[-128.1863,51.8077],[-128.1804,51.8247],[-128.1802,51.8256],[-128.1761,51.8426],[-128.1888,51.843],[-128.1936,51.8389],[-128.2093,51.8359],[-128.2147,51.8417],[-128.2142,51.8581],[-128.2171,51.8575],[-128.2189,51.8507],[-128.2297,51.8466],[-128.2286,51.8575],[-128.2314,51.862]]],[[[-128.1661,52.0227],[-128.1828,52.0244],[-128.1828,52.0243],[-128.1834,52.0141],[-128.191,52.0107],[-128.2093,52.0187],[-128.2248,52.0145],[-128.2377,52.0148],[-128.2378,52.0148],[-128.2302,52.0034],[-128.2263,52.0106],[-128.2162,52.0121],[-128.2114,52.0042],[-128.2169,51.9969],[-128.2257,51.9974],[-128.2256,51.9966],[-128.2248,51.9953],[-128.2243,51.9954],[-128.2242,51.9954],[-128.2219,51.9766],[-128.2147,51.9661],[-128.2216,51.9464],[-128.2206,51.9459],[-128.2224,51.9344],[-128.2339,51.9413],[-128.2345,51.9411],[-128.23,51.9326],[-128.248,51.9329],[-128.248,51.9321],[-128.2289,51.9311],[-128.2294,51.9082],[-128.2393,51.9041],[-128.2393,51.904],[-128.2385,51.9025],[-128.2339,51.8967],[-128.2278,51.901],[-128.2126,51.8954],[-128.2036,51.9065],[-128.1891,51.9107],[-128.1916,51.9219],[-128.1802,51.9289],[-128.1628,51.9284],[-128.1729,51.9085],[-128.1619,51.909],[-128.1602,51.9193],[-128.1639,51.9243],[-128.1598,51.9354],[-128.1801,51.9327],[-128.2013,51.943],[-128.1994,51.9561],[-128.2046,51.9644],[-128.1933,51.9803],[-128.1819,51.9866],[-128.1791,51.9929],[-128.1689,51.9972],[-128.1629,52.004],[-128.1661,52.01],[-128.1661,52.0227]]]]},"properties":{"UID":"S2_CC_122","Category_Simple":"Category 1","Area_km2":57.22246753078625,"SUBREGION":"CC","EA_Common_site_name_Site_Profil":"Hakai Site","Exist_AIWI_Type":null}},
{"type":"Feature","geometry":{"type":"Polygon","coordinates":[[[-128.2257,51.9974],[-128.2263,51.9975],[-128.2302,52.0034],[-128.2378,52.0148],[-128.2379,52.0148],[-128.2392,52.0258],[-128.2521,52.0306],[-128.2495,52.0375],[-128.2563,52.043],[-128.2687,52.0588],[-128.2838,52.0665],[-128.2938,52.0682],[-128.3019,52.0869],[-128.3238,52.0891],[-128.33,52.0874],[-128.3407,52.1022],[-128.3534,52.102],[-128.3512,52.0886],[-128.3631,52.0854],[-128.3409,52.0004],[-128.3224,51.9293],[-128.2385,51.9025],[-128.2393,51.904],[-128.2393,51.9041],[-128.2394,51.904],[-128.2497,51.9142],[-128.254,51.9256],[-128.248,51.9321],[-128.248,51.9329],[-128.2481,51.9329],[-128.2483,51.9437],[-128.2417,51.9498],[-128.2345,51.9412],[-128.2345,51.9411],[-128.2339,51.9413],[-128.2291,51.9468],[-128.2206,51.9459],[-128.2216,51.9464],[-128.2216,51.9463],[-128.2339,51.9474],[-128.2384,51.9528],[-128.2403,51.9643],[-128.2376,51.9727],[-128.2315,51.9771],[-128.2219,51.9766],[-128.2242,51.9954],[-128.2243,51.9954],[-128.2248,51.9953],[-128.2256,51.9966],[-128.2257,51.9974]],[[-128.3154,52.0416],[-128.3133,52.0296],[-128.3241,52.03],[-128.3266,52.0379],[-128.3154,52.0416]],[[-128.2869,51.9476],[-128.2878,51.9376],[-128.3016,51.9384],[-128.3026,51.9426],[-128.2869,51.9476]]]},"properties":{"UID":"S2_CC_150","Category_Simple":"Category 1","Area_km2":110.23981058584629,"SUBREGION":"CC","EA_Common_site_name_Site_Profil":"Spiller Channel Site","Exist_AIWI_Type":null}},
{"type":"Feature","geometry":{"type":"MultiPolygon","coordinates":[[[[-128.0527,51.6586],[-128.0844,51.658],[-128.0978,51.6572],[-128.1086,51.6552],[-128.1158,51.6593],[-128.1221,51.647],[-128.1034,51.6506],[-128.0869,51.6434],[-128.0708,51.6512],[-128.0517,51.6519],[-128.0508,51.6529],[-128.0527,51.6586]]],[[[-128.1249,51.6679],[-128.1365,51.6713],[-128.1479,51.6711],[-128.1483,51.6711],[-128.1663,51.6695],[-128.1759,51.6496],[-128.1728,51.6406],[-128.1713,51.6241],[-128.1661,51.6127],[-128.15,51.6097],[-128.1458,51.6139],[-128.15,51.6271],[-128.1446,51.6337],[-128.1524,51.6439],[-128.1387,51.6541],[-128.1436,51.6627],[-128.1282,51.6637],[-128.1249,51.6679]]]]},"properties":{"UID":"S2_CC_111","Category_Simple":"Category 1","Area_km2":16.918541035147456,"SUBREGION":"CC","EA_Common_site_name_Site_Profil":"Hakai Site","Exist_AIWI_Type":null}},
{"type":"Feature","geometry":{"type":"Polygon","coordinates":[[[-128.2886,52.2589],[-128.2969,52.2574],[-128.3507,52.2624],[-128.3763,52.2635],[-128.4134,52.2681],[-128.4187,52.273],[-128.417,52.2907],[-128.4036,52.3064],[-128.3788,52.3202],[-128.3573,52.3263],[-128.3395,52.3349],[-128.3335,52.3446],[-128.3378,52.3568],[-128.3323,52.3614],[-128.3412,52.3685],[-128.3355,52.3748],[-128.3223,52.3826],[-128.3123,52.3937],[-128.3107,52.3995],[-128.2935,52.4012],[-128.2763,52.4056],[-128.2881,52.4185],[-128.2995,52.4135],[-128.3212,52.4123],[-128.3309,52.41],[-128.3364,52.4039],[-128.3387,52.3929],[-128.3481,52.389],[-128.3537,52.3809],[-128.3662,52.3702],[-128.3764,52.3651],[-128.3935,52.3618],[-128.3966,52.3639],[-128.4187,52.3649],[-128.4535,52.3624],[-128.4666,52.3515],[-128.4619,52.3446],[-128.4668,52.3371],[-128.4779,52.3316],[-128.5062,52.2867],[-128.5281,52.2011],[-128.4962,52.189],[-128.4904,52.1868],[-128.4845,52.1846],[-128.4791,52.1877],[-128.4601,52.1799],[-128.4631,52.1765],[-128.4611,52.1757],[-128.4557,52.1807],[-128.4625,52.1824],[-128.4721,52.1922],[-128.4729,52.1986],[-128.464,52.2048],[-128.4503,52.2201],[-128.4437,52.2225],[-128.4289,52.2207],[-128.4309,52.2142],[-128.4407,52.207],[-128.4234,52.2067],[-128.4171,52.2219],[-128.436,52.2301],[-128.4312,52.2383],[-128.4242,52.2397],[-128.4113,52.2355],[-128.4019,52.2386],[-128.3939,52.2365],[-128.3778,52.2374],[-128.3694,52.2374],[-128.3418,52.2371],[-128.3265,52.2353],[-128.3132,52.2306],[-128.293,52.2369],[-128.2768,52.2384],[-128.2885,52.2589],[-128.2886,52.2589]]]},"properties":{"UID":"S2_CC_153","Category_Simple":"Category 1","Area_km2":145.94735242287902,"SUBREGION":"CC","EA_Common_site_name_Site_Profil":"Spiller Channel Site","Exist_AIWI_Type":null}},
{"type":"Feature","geometry":{"type":"Polygon","coordinates":[[[-128.2212,52.2565],[-128.2114,52.2629],[-128.1871,52.2744],[-128.2058,52.2851],[-128.202,52.3054],[-128.1758,52.3004],[-128.1969,52.3153],[-128.1822,52.3252],[-128.1736,52.3285],[-128.1737,52.3376],[-128.1641,52.346],[-128.1569,52.3657],[-128.1445,52.3745],[-128.1419,52.3833],[-128.1193,52.4063],[-128.1194,52.412],[-128.1127,52.4268],[-128.1154,52.4331],[-128.1066,52.4387],[-128.0975,52.4369],[-128.0949,52.4258],[-128.0798,52.4106],[-128.0652,52.3724],[-128.0678,52.3672],[-128.0614,52.3546],[-128.0553,52.3492],[-128.0555,52.3386],[-128.0517,52.3365],[-128.047,52.3188],[-128.0255,52.3192],[-128.0351,52.3279],[-128.0383,52.3394],[-128.0448,52.3454],[-128.0595,52.3801],[-128.0706,52.3982],[-128.069,52.4037],[-128.0786,52.4189],[-128.0781,52.4253],[-128.0859,52.4312],[-128.079,52.4342],[-128.0794,52.4555],[-128.0445,52.4639],[-128.0358,52.4711],[-128.0354,52.476],[-128.0435,52.4835],[-128.04,52.4925],[-128.0581,52.4865],[-128.0537,52.4773],[-128.0656,52.4772],[-128.0645,52.4846],[-128.0728,52.4934],[-128.0593,52.4975],[-128.0753,52.5219],[-128.0858,52.5297],[-128.0984,52.5503],[-128.0975,52.5858],[-128.0912,52.5932],[-128.0716,52.5998],[-128.0776,52.6066],[-128.0902,52.5981],[-128.1113,52.5994],[-128.1122,52.5802],[-128.1147,52.5743],[-128.1087,52.5583],[-128.1123,52.5457],[-128.0986,52.536],[-128.0973,52.5296],[-128.084,52.5186],[-128.0909,52.5141],[-128.1061,52.5115],[-128.0959,52.4973],[-128.1008,52.4881],[-128.1082,52.488],[-128.1036,52.4749],[-128.1135,52.4639],[-128.1209,52.4657],[-128.125,52.4562],[-128.1419,52.4398],[-128.1543,52.4504],[-128.1635,52.4461],[-128.1832,52.4558],[-128.1818,52.4479],[-128.1685,52.4424],[-128.1501,52.431],[-128.1477,52.4233],[-128.1517,52.4093],[-128.1632,52.3985],[-128.1702,52.3976],[-128.1828,52.3752],[-128.1894,52.3667],[-128.1983,52.3664],[-128.208,52.3709],[-128.223,52.3854],[-128.2239,52.3943],[-128.2306,52.3943],[-128.2256,52.3746],[-128.2268,52.3701],[-128.2207,52.3612],[-128.2027,52.3591],[-128.2046,52.3527],[-128.2119,52.3505],[-128.2132,52.3424],[-128.2243,52.3363],[-128.2231,52.3302],[-128.2317,52.3269],[-128.2342,52.3156],[-128.2491,52.2982],[-128.2594,52.2928],[-128.2631,52.2869],[-128.2766,52.2763],[-128.2792,52.2666],[-128.2885,52.2589],[-128.2768,52.2384],[-128.2652,52.2323],[-128.2654,52.2251],[-128.2755,52.2193],[-128.2792,52.2138],[-128.289,52.2088],[-128.289,52.2087],[-128.2878,52.2079],[-128.283,52.2116],[-128.2776,52.2135],[-128.2758,52.2162],[-128.2684,52.2182],[-128.2615,52.2098],[-128.2512,52.2164],[-128.2534,52.2226],[-128.2427,52.2247],[-128.2282,52.2436],[-128.2271,52.2462],[-128.2212,52.2565]]]},"properties":{"UID":"S2_CC_154","Category_Simple":"Category 1","Area_km2":136.20265090118096,"SUBREGION":"CC","EA_Common_site_name_Site_Profil":"Spiller Channel Site","Exist_AIWI_Type":null}},
{"type":"Feature","geometry":{"type":"Polygon","coordinates":[[[-128.0929,52.2051],[-128.0633,52.2279],[-128.0494,52.2296],[-128.0275,52.2371],[-128.0154,52.2319],[-128.0184,52.2238],[-128.0028,52.2206],[-128.0168,52.2352],[-128.0201,52.2467],[-128.0119,52.2582],[-128.0128,52.2646],[-128.0017,52.2676],[-128.0048,52.2791],[-127.9911,52.2913],[-127.9876,52.3014],[-128.0153,52.3039],[-128.0058,52.2966],[-128.0014,52.286],[-128.016,52.2897],[-128.0174,52.2818],[-128.0305,52.278],[-128.035,52.2723],[-128.0464,52.2743],[-128.0486,52.2616],[-128.0541,52.2521],[-128.0799,52.2312],[-128.09,52.2291],[-128.0967,52.2331],[-128.1052,52.2261],[-128.1172,52.2264],[-128.1118,52.2202],[-128.1112,52.2197],[-128.1111,52.2197],[-128.0953,52.2054],[-128.0929,52.2051]],[[-128.0278,52.2667],[-128.0224,52.2558],[-128.0406,52.2538],[-128.0324,52.2652],[-128.0278,52.2667]]]},"properties":{"UID":"S2_CC_164","Category_Simple":"Category 1","Area_km2":23.505360830520573,"SUBREGION":"CC","EA_Common_site_name_Site_Profil":"Spiller Channel Site","Exist_AIWI_Type":null}},
{"type":"Feature","geometry":{"type":"Polygon","coordinates":[[[-127.8568,52.3741],[-127.8521,52.3828],[-127.8642,52.3876],[-127.8755,52.3954],[-127.8819,52.4088],[-127.8816,52.4207],[-127.893,52.4241],[-127.8984,52.414],[-127.9236,52.4285],[-127.9271,52.4454],[-127.9102,52.4489],[-127.8887,52.4617],[-127.8865,52.4655],[-127.89,52.4827],[-127.8735,52.491],[-127.846,52.4905],[-127.8468,52.4855],[-127.8356,52.4759],[-127.8226,52.4719],[-127.8108,52.472],[-127.8116,52.4573],[-127.8021,52.4513],[-127.7838,52.4489],[-127.7611,52.4594],[-127.7405,52.4622],[-127.7293,52.4523],[-127.7226,52.4603],[-127.7445,52.4717],[-127.7641,52.4669],[-127.7819,52.455],[-127.7923,52.4558],[-127.8025,52.4662],[-127.8006,52.4734],[-127.8065,52.4832],[-127.8223,52.4851],[-127.8316,52.49],[-127.8376,52.4983],[-127.835,52.5064],[-127.8582,52.5002],[-127.8932,52.5006],[-127.8989,52.4891],[-127.9056,52.4849],[-127.9071,52.4711],[-127.921,52.4538],[-127.93,52.4497],[-127.9322,52.4586],[-127.9395,52.4612],[-127.946,52.4457],[-127.9344,52.4231],[-127.9223,52.411],[-127.9122,52.405],[-127.9064,52.397],[-127.8993,52.3947],[-127.8907,52.3857],[-127.8831,52.3735],[-127.9053,52.3669],[-127.913,52.3673],[-127.9256,52.3605],[-127.9439,52.358],[-127.9452,52.3487],[-127.9411,52.3402],[-127.9417,52.3287],[-127.9575,52.3182],[-127.9734,52.3144],[-127.9897,52.3229],[-127.9966,52.3196],[-128.0101,52.3194],[-128.0153,52.3039],[-127.9876,52.3014],[-127.9668,52.304],[-127.9312,52.3156],[-127.9233,52.3375],[-127.9249,52.35],[-127.9054,52.3559],[-127.8841,52.3565],[-127.8672,52.3627],[-127.8568,52.3741]]]},"properties":{"UID":"S2_CC_165","Category_Simple":"Category 1","Area_km2":59.58001844168537,"SUBREGION":"CC","EA_Common_site_name_Site_Profil":"Spiller Channel Site","Exist_AIWI_Type":null}},
{"type":"Feature","geometry":{"type":"Polygon","coordinates":[[[-127.863,51.7826],[-127.8834,51.7745],[-127.875,51.7718],[-127.8726,51.7781],[-127.863,51.7826]]]},"properties":{"UID":"S2_CC_114","Category_Simple":"Category 1","Area_km2":1.0510743218329597,"SUBREGION":"CC","EA_Common_site_name_Site_Profil":"Hakai Site","Exist_AIWI_Type":null}},
{"type":"Feature","geometry":{"type":"Polygon","coordinates":[[[-128.3534,52.3158],[-128.3572,52.3109],[-128.3509,52.3112],[-128.3534,52.3158]]]},"properties":{"UID":"S2_CC_156","Category_Simple":"Category 1","Area_km2":0.24560173057448678,"SUBREGION":"CC","EA_Common_site_name_Site_Profil":"Spiller Channel Site","Exist_AIWI_Type":null}},
{"type":"Feature","geometry":{"type":"MultiPolygon","coordinates":[[[[-128.3778,52.2374],[-128.3806,52.2252],[-128.3873,52.2172],[-128.3948,52.1991],[-128.3992,52.1946],[-128.4171,52.1952],[-128.4189,52.1907],[-128.4102,52.1844],[-128.3968,52.1897],[-128.3888,52.1864],[-128.382,52.1756],[-128.395,52.1607],[-128.4075,52.157],[-128.431,52.1555],[-128.4379,52.1635],[-128.4498,52.1583],[-128.4644,52.1621],[-128.4816,52.1514],[-128.4912,52.1588],[-128.4988,52.1608],[-128.4958,52.1723],[-128.4824,52.1826],[-128.4845,52.1846],[-128.4904,52.1868],[-128.5,52.1734],[-128.5125,52.1624],[-128.5191,52.1641],[-128.5099,52.1774],[-128.4962,52.189],[-128.5281,52.2011],[-128.5348,52.1747],[-128.5434,52.148],[-128.5366,51.9422],[-128.5414,51.935],[-128.485,51.8433],[-128.4834,51.8141],[-128.4432,51.8293],[-128.4406,51.8339],[-128.435,51.8433],[-128.39,52.0067],[-128.3883,52.0137],[-128.3883,52.0186],[-128.3807,52.0279],[-128.3699,52.0587],[-128.3652,52.0656],[-128.3631,52.0854],[-128.3803,52.0942],[-128.3804,52.1147],[-128.3641,52.1213],[-128.3621,52.1341],[-128.3523,52.1453],[-128.3594,52.1458],[-128.3594,52.1546],[-128.3415,52.1602],[-128.3279,52.1571],[-128.3197,52.1727],[-128.3123,52.1812],[-128.3128,52.1871],[-128.2998,52.2032],[-128.2878,52.2079],[-128.289,52.2087],[-128.2974,52.2097],[-128.3055,52.2047],[-128.3187,52.1863],[-128.339,52.1765],[-128.3489,52.1659],[-128.3774,52.1529],[-128.3758,52.1636],[-128.3803,52.1707],[-128.3763,52.1797],[-128.375,52.2002],[-128.3905,52.2064],[-128.3816,52.2172],[-128.3775,52.2275],[-128.3694,52.2374],[-128.3778,52.2374]]],[[[-128.4631,52.1765],[-128.4632,52.1765],[-128.4611,52.1757],[-128.4631,52.1765]]]]},"properties":{"UID":"S2_CC_151","Category_Simple":"Category 1","Area_km2":329.78563671423257,"SUBREGION":"CC","EA_Common_site_name_Site_Profil":"Spiller Channel Site","Exist_AIWI_Type":null}},
{"type":"Feature","geometry":{"type":"Polygon","coordinates":[[[-128.3235,52.282],[-128.3363,52.2815],[-128.3376,52.2789],[-128.3227,52.2806],[-128.3235,52.282]]]},"properties":{"UID":"S2_CC_155","Category_Simple":"Category 1","Area_km2":0.32989028356919137,"SUBREGION":"CC","EA_Common_site_name_Site_Profil":"Spiller Channel Site","Exist_AIWI_Type":null}},
{"type":"Feature","geometry":{"type":"MultiPolygon","coordinates":[[[[-128.1254,52.0699],[-128.1489,52.0529],[-128.1491,52.0526],[-128.1492,52.0526],[-128.1515,52.0504],[-128.1584,52.0431],[-128.1585,52.0431],[-128.1564,52.0397],[-128.131,52.0536],[-128.1257,52.059],[-128.1079,52.0638],[-128.1129,52.0733],[-128.1248,52.0704],[-128.1251,52.0701],[-128.1254,52.0699]]],[[[-128.0172,52.0718],[-128.1123,52.0733],[-128.0988,52.0666],[-128.0883,52.0472],[-128.073,52.0566],[-128.0611,52.054],[-128.0503,52.0652],[-128.0439,52.0634],[-128.0207,52.0649],[-128.0172,52.0718]]]]},"properties":{"UID":"S2_CC_161","Category_Simple":"Category 1","Area_km2":12.492291469244844,"SUBREGION":"CC","EA_Common_site_name_Site_Profil":"Spiller Channel Site","Exist_AIWI_Type":null}},
{"type":"Feature","geometry":{"type":"Polygon","coordinates":[[[-128.1343,52.0875],[-128.1534,52.0795],[-128.1536,52.0714],[-128.1677,52.0625],[-128.1768,52.0624],[-128.1913,52.0479],[-128.1821,52.0418],[-128.1828,52.0244],[-128.1661,52.0227],[-128.1575,52.0279],[-128.1564,52.0397],[-128.1585,52.0431],[-128.1584,52.0431],[-128.1515,52.0504],[-128.1492,52.0526],[-128.1491,52.0526],[-128.1489,52.0529],[-128.1254,52.0699],[-128.1251,52.0701],[-128.1248,52.0704],[-128.1129,52.0733],[-128.1124,52.0734],[-128.1123,52.0733],[-128.0172,52.0718],[-128.0295,52.0822],[-128.0422,52.079],[-128.0566,52.0802],[-128.0816,52.087],[-128.0995,52.0895],[-128.1343,52.0875]]]},"properties":{"UID":"S2_CC_160","Category_Simple":"Category 1","Area_km2":23.77915416338441,"SUBREGION":"CC","EA_Common_site_name_Site_Profil":"Spiller Channel Site","Exist_AIWI_Type":null}},
{"type":"Feature","geometry":{"type":"Polygon","coordinates":[[[-127.6895,51.5121],[-127.7266,51.5086],[-127.7222,51.5061],[-127.7011,51.5078],[-127.6975,51.5043],[-127.7056,51.4865],[-127.7023,51.4815],[-127.7076,51.4756],[-127.7219,51.4664],[-127.7291,51.4749],[-127.7416,51.4752],[-127.7403,51.4808],[-127.7503,51.4895],[-127.7656,51.4874],[-127.7697,51.4955],[-127.7791,51.4853],[-127.7575,51.4594],[-127.7034,51.4003],[-127.6845,51.4016],[-127.6714,51.4005],[-127.6642,51.3893],[-127.6567,51.3901],[-127.6513,51.4009],[-127.6452,51.4058],[-127.6402,51.416],[-127.6563,51.4282],[-127.7314,51.4548],[-127.7214,51.4661],[-127.6904,51.4794],[-127.6912,51.4993],[-127.6948,51.5058],[-127.6895,51.5121]]]},"properties":{"UID":"S2_CC_101","Category_Simple":"Category 1","Area_km2":37.605957382512514,"SUBREGION":"CC","EA_Common_site_name_Site_Profil":"Penrose Island Site","Exist_AIWI_Type":null}},
{"type":"Feature","geometry":{"type":"Polygon","coordinates":[[[-128.273,51.8402],[-128.2731,51.8402],[-128.2668,51.8528],[-128.2563,51.8616],[-128.2592,51.8647],[-128.252,51.8778],[-128.2443,51.8809],[-128.2445,51.888],[-128.2339,51.8967],[-128.2385,51.9025],[-128.3224,51.9293],[-128.3409,52.0004],[-128.3739,52.0006],[-128.3883,52.0137],[-128.39,52.0067],[-128.435,51.8433],[-128.4406,51.8339],[-128.3,51.8333],[-128.2775,51.792],[-128.2554,51.7924],[-128.2688,51.7967],[-128.2713,51.8048],[-128.2589,51.8083],[-128.2565,51.8172],[-128.2667,51.8245],[-128.2743,51.8392],[-128.2737,51.8399],[-128.273,51.8402]]]},"properties":{"UID":"S2_CC_123","Category_Simple":"Category 1","Area_km2":164.9648541778974,"SUBREGION":"CC","EA_Common_site_name_Site_Profil":"Hakai Site","Exist_AIWI_Type":null}},
{"type":"Feature","geometry":{"type":"Polygon","coordinates":[[[-127.9758,51.9157],[-127.9735,51.9157],[-127.9713,51.9156],[-127.9578,51.9522],[-127.9617,51.9523],[-127.9622,51.9461],[-127.9758,51.9157]]]},"properties":{"UID":"S2_CC_121","Category_Simple":"Existing MPA/RCA - 'as-is, where-is'","Area_km2":1.7033951944015093,"SUBREGION":"CC","EA_Common_site_name_Site_Profil":"Hakai Site","Exist_AIWI_Type":"BC Cons"}},
{"type":"Feature","geometry":{"type":"Polygon","coordinates":[[[-128.0335,52.5347],[-128.0375,52.5312],[-128.0249,52.5134],[-128.0018,52.512],[-127.9846,52.5144],[-127.9816,52.5213],[-127.9903,52.5236],[-128.0044,52.5174],[-128.0142,52.5181],[-128.0158,52.5312],[-128.0335,52.5347]]]},"properties":{"UID":"S2_CC_157","Category_Simple":"Category 1","Area_km2":4.926093355451245,"SUBREGION":"CC","EA_Common_site_name_Site_Profil":"Spiller Channel Site","Exist_AIWI_Type":null}},
{"type":"Feature","geometry":{"type":"Polygon","coordinates":[[[-127.6386,52.0125],[-127.6318,52.0176],[-127.6353,52.0273],[-127.6508,52.0249],[-127.6555,52.0284],[-127.651,52.0354],[-127.6948,52.0393],[-127.6918,52.0301],[-127.6946,52.012],[-127.6945,52.0119],[-127.6386,52.0125]]]},"properties":{"UID":"S2_CC_131","Category_Simple":"Category 1","Area_km2":10.040522667391258,"SUBREGION":"CC","EA_Common_site_name_Site_Profil":"Burke Channel Site","Exist_AIWI_Type":null}},
{"type":"Feature","geometry":{"type":"Polygon","coordinates":[[[-127.565,52.0795],[-127.5572,52.0877],[-127.584,52.0933],[-127.604,52.0634],[-127.6007,52.0591],[-127.603,52.0492],[-127.6164,52.0368],[-127.5852,52.0459],[-127.5812,52.0609],[-127.568,52.0721],[-127.565,52.0795]]]},"properties":{"UID":"S2_CC_132","Category_Simple":"Category 1","Area_km2":9.97354014668745,"SUBREGION":"CC","EA_Common_site_name_Site_Profil":"Burke Channel Site","Exist_AIWI_Type":null}},
{"type":"Feature","geometry":{"type":"Polygon","coordinates":[[[-127.4648,52.1097],[-127.4741,52.0999],[-127.4328,52.1075],[-127.4145,52.1052],[-127.4015,52.0996],[-127.3895,52.1032],[-127.3681,52.1013],[-127.3709,52.1098],[-127.3827,52.1143],[-127.4064,52.1093],[-127.4227,52.1167],[-127.4324,52.1164],[-127.432,52.1269],[-127.4372,52.1395],[-127.4458,52.1462],[-127.4543,52.1596],[-127.4563,52.1755],[-127.4678,52.1789],[-127.4733,52.1838],[-127.491,52.1571],[-127.4884,52.1526],[-127.4748,52.147],[-127.4633,52.1269],[-127.4691,52.1218],[-127.4638,52.116],[-127.4648,52.1097]]]},"properties":{"UID":"S2_CC_133","Category_Simple":"Category 1","Area_km2":23.00601556201551,"SUBREGION":"CC","EA_Common_site_name_Site_Profil":"Burke Channel Site","Exist_AIWI_Type":null}},
{"type":"Feature","geometry":{"type":"Polygon","coordinates":[[[-127.6946,52.012],[-127.6946,52.0119],[-127.6916,52.0021],[-127.6959,51.9885],[-127.7061,51.9786],[-127.7083,51.9678],[-127.7142,51.9645],[-127.7454,51.9694],[-127.7719,51.9667],[-127.7767,51.9608],[-127.7862,51.957],[-127.8129,51.9569],[-127.8346,51.9417],[-127.844,51.9378],[-127.8651,51.9408],[-127.875,51.9337],[-127.8877,51.9374],[-127.9027,51.9229],[-127.8704,51.9051],[-127.8628,51.9058],[-127.8383,51.9001],[-127.8424,51.9099],[-127.8378,51.9172],[-127.8234,51.9273],[-127.8093,51.9345],[-127.7908,51.9387],[-127.7801,51.9357],[-127.7569,51.9478],[-127.7474,51.951],[-127.7294,51.9503],[-127.7139,51.9467],[-127.7046,51.9406],[-127.6845,51.9531],[-127.6774,51.9482],[-127.6673,51.9524],[-127.674,51.9663],[-127.6625,51.9734],[-127.6526,51.9885],[-127.6516,52.0054],[-127.6386,52.0125],[-127.6945,52.0119],[-127.6946,52.012]]]},"properties":{"UID":"S2_CC_130","Category_Simple":"Category 1","Area_km2":55.15683167515362,"SUBREGION":"CC","EA_Common_site_name_Site_Profil":"Burke Channel Site","Exist_AIWI_Type":null}},
{"type":"Feature","geometry":{"type":"Polygon","coordinates":[[[-126.7875,52.3731],[-126.7696,52.3745],[-126.7632,52.3797],[-126.7756,52.3947],[-126.7968,52.4001],[-126.8308,52.3912],[-126.8309,52.3912],[-126.8004,52.3789],[-126.787,52.3788],[-126.7875,52.3731]]]},"properties":{"UID":"S2_CC_138","Category_Simple":"Category 1","Area_km2":7.717553981888955,"SUBREGION":"CC","EA_Common_site_name_Site_Profil":"Bentinck Arm Site","Exist_AIWI_Type":null}},
{"type":"Feature","geometry":{"type":"Polygon","coordinates":[[[-126.9132,52.2194],[-126.9392,52.2212],[-126.9425,52.2137],[-126.9271,52.1886],[-126.9223,52.1878],[-126.8913,52.1698],[-126.8677,52.1625],[-126.8519,52.1518],[-126.8379,52.1488],[-126.8295,52.1399],[-126.8123,52.1301],[-126.7942,52.1084],[-126.7825,52.1032],[-126.7592,52.0852],[-126.7558,52.0762],[-126.7474,52.0719],[-126.7352,52.0571],[-126.7231,52.0488],[-126.7134,52.0389],[-126.6965,52.0262],[-126.6928,52.012],[-126.7024,51.9993],[-126.6905,51.996],[-126.6946,51.9846],[-126.6858,51.98],[-126.6818,51.9631],[-126.6689,51.963],[-126.6687,51.9801],[-126.6807,51.9948],[-126.6715,52.005],[-126.682,52.0094],[-126.6868,52.0188],[-126.6826,52.0271],[-126.6727,52.0326],[-126.6796,52.0383],[-126.6744,52.0474],[-126.6833,52.0497],[-126.6902,52.058],[-126.7066,52.0656],[-126.7198,52.0755],[-126.7249,52.0855],[-126.7347,52.0942],[-126.7391,52.1022],[-126.7498,52.1135],[-126.7666,52.1235],[-126.7832,52.1312],[-126.7978,52.1504],[-126.8154,52.1611],[-126.8444,52.1671],[-126.8449,52.1741],[-126.8602,52.182],[-126.8641,52.178],[-126.8755,52.1863],[-126.9004,52.1967],[-126.9105,52.209],[-126.9132,52.2194]]]},"properties":{"UID":"S2_CC_136","Category_Simple":"Category 1","Area_km2":64.8628536249655,"SUBREGION":"CC","EA_Common_site_name_Site_Profil":"Bentinck Arm Site","Exist_AIWI_Type":null}},
{"type":"Feature","geometry":{"type":"Polygon","coordinates":[[[-126.8309,52.3912],[-126.8356,52.3884],[-126.8529,52.3873],[-126.8675,52.3821],[-126.88,52.3809],[-126.8937,52.3738],[-126.9075,52.3715],[-126.9202,52.3646],[-126.9278,52.3689],[-126.9424,52.366],[-126.9564,52.3669],[-126.9678,52.3573],[-126.9714,52.3456],[-126.9822,52.341],[-126.9861,52.332],[-127.0101,52.3331],[-127.015,52.3362],[-127.0339,52.3397],[-127.0536,52.3337],[-127.0674,52.3359],[-127.0764,52.3331],[-127.0895,52.3339],[-127.084,52.2985],[-127.066,52.3053],[-127.0534,52.303],[-127.0479,52.3068],[-127.0325,52.3106],[-127.0208,52.3025],[-127.0065,52.3014],[-126.99,52.2897],[-126.969,52.2691],[-126.9578,52.2629],[-126.9536,52.2536],[-126.9378,52.2307],[-126.9392,52.2212],[-126.9132,52.2194],[-126.9205,52.2404],[-126.9162,52.2525],[-126.9304,52.2696],[-126.9397,52.2765],[-126.9468,52.2869],[-126.9504,52.2977],[-126.9608,52.3037],[-126.9654,52.3121],[-126.9454,52.3177],[-126.9353,52.3291],[-126.9322,52.3463],[-126.9256,52.3484],[-126.9176,52.3424],[-126.9098,52.343],[-126.888,52.3497],[-126.8825,52.3613],[-126.8684,52.3654],[-126.8531,52.3659],[-126.8407,52.3701],[-126.8096,52.3718],[-126.8048,52.3764],[-126.7875,52.3731],[-126.787,52.3788],[-126.8004,52.3789],[-126.8309,52.3912]]]},"properties":{"UID":"S2_CC_137","Category_Simple":"Category 1","Area_km2":83.2121200179475,"SUBREGION":"CC","EA_Common_site_name_Site_Profil":"Bentinck Arm Site","Exist_AIWI_Type":null}},
{"type":"Feature","geometry":{"type":"Polygon","coordinates":[[[-127.5386,52.4006],[-127.532,52.3911],[-127.5097,52.3836],[-127.4978,52.3815],[-127.4819,52.3657],[-127.4762,52.3534],[-127.4861,52.3403],[-127.5074,52.3336],[-127.524,52.334],[-127.5401,52.3269],[-127.5746,52.3164],[-127.564,52.2983],[-127.5534,52.2968],[-127.5314,52.3088],[-127.5046,52.3137],[-127.4938,52.3107],[-127.4877,52.3153],[-127.4701,52.3214],[-127.4609,52.3302],[-127.4511,52.3326],[-127.4438,52.3615],[-127.4448,52.3719],[-127.4709,52.3784],[-127.4823,52.3756],[-127.4964,52.3868],[-127.5049,52.3879],[-127.5386,52.4006]]]},"properties":{"UID":"S2_CC_140","Category_Simple":"Category 1","Area_km2":31.460922557203876,"SUBREGION":"CC","EA_Common_site_name_Site_Profil":"Dean Channel Site","Exist_AIWI_Type":null}},
{"type":"Feature","geometry":{"type":"Polygon","coordinates":[[[-127.6222,52.6096],[-127.6328,52.6071],[-127.6253,52.5926],[-127.6172,52.5871],[-127.617,52.5761],[-127.6015,52.5589],[-127.5755,52.5396],[-127.5627,52.5287],[-127.5329,52.4999],[-127.5272,52.4979],[-127.5129,52.4856],[-127.4981,52.4886],[-127.5207,52.5082],[-127.5274,52.518],[-127.5364,52.5209],[-127.5432,52.5313],[-127.5677,52.5448],[-127.5795,52.56],[-127.6014,52.5766],[-127.6052,52.5897],[-127.6222,52.6096]]]},"properties":{"UID":"S2_CC_141","Category_Simple":"Category 1","Area_km2":17.177496819601686,"SUBREGION":"CC","EA_Common_site_name_Site_Profil":"Cascade Inlet Site","Exist_AIWI_Type":null}},
{"type":"Feature","geometry":{"type":"Polygon","coordinates":[[[-127.3166,52.4602],[-127.3278,52.4519],[-127.3283,52.4451],[-127.3224,52.4402],[-127.323,52.4301],[-127.2966,52.4532],[-127.3068,52.4535],[-127.3181,52.4431],[-127.3228,52.4448],[-127.3122,52.4578],[-127.3166,52.4602]]]},"properties":{"UID":"S2_CC_142","Category_Simple":"Category 1","Area_km2":2.3461062628310767,"SUBREGION":"CC","EA_Common_site_name_Site_Profil":"Labouchere Channel Site","Exist_AIWI_Type":null}},
{"type":"Feature","geometry":{"type":"Polygon","coordinates":[[[-126.9664,52.8387],[-127.0088,52.8384],[-126.9559,52.7804],[-126.9484,52.7898],[-126.9541,52.8044],[-126.9618,52.8036],[-126.9791,52.8085],[-126.9824,52.8152],[-126.9647,52.8289],[-126.9664,52.8387]]]},"properties":{"UID":"S2_CC_146","Category_Simple":"Category 1","Area_km2":7.98050075826582,"SUBREGION":"CC","EA_Common_site_name_Site_Profil":"Kimsquit Site","Exist_AIWI_Type":null}},
{"type":"Feature","geometry":{"type":"Polygon","coordinates":[[[-127.8616,52.0767],[-127.8666,52.0742],[-127.869,52.0642],[-127.867,52.0472],[-127.8454,52.0543],[-127.8616,52.0767]]]},"properties":{"UID":"S2_CC_134","Category_Simple":"Category 1","Area_km2":3.475584907483499,"SUBREGION":"CC","EA_Common_site_name_Site_Profil":"Codville Lagoon Site","Exist_AIWI_Type":null}},
{"type":"Feature","geometry":{"type":"Polygon","coordinates":[[[-127.2174,52.3863],[-127.2076,52.3973],[-127.1976,52.3998],[-127.1907,52.4059],[-127.1879,52.4156],[-127.1923,52.4295],[-127.2072,52.4415],[-127.2184,52.445],[-127.2318,52.4457],[-127.2423,52.4506],[-127.2586,52.4459],[-127.2729,52.4393],[-127.2591,52.4247],[-127.2305,52.417],[-127.2414,52.4052],[-127.2309,52.3905],[-127.2174,52.3863]]]},"properties":{"UID":"S2_CC_143","Category_Simple":"Category 1","Area_km2":22.02141328269772,"SUBREGION":"CC","EA_Common_site_name_Site_Profil":"Labouchere Channel Site","Exist_AIWI_Type":null}},
{"type":"Feature","geometry":{"type":"Polygon","coordinates":[[[-127.2353,52.5304],[-127.2578,52.5353],[-127.2637,52.5304],[-127.2625,52.5236],[-127.2675,52.5168],[-127.266,52.4983],[-127.2724,52.4908],[-127.2643,52.4879],[-127.2621,52.4739],[-127.2236,52.4657],[-127.2156,52.4717],[-127.2186,52.485],[-127.2286,52.4947],[-127.2378,52.514],[-127.2353,52.5304]]]},"properties":{"UID":"S2_CC_144","Category_Simple":"Category 1","Area_km2":17.595228626334773,"SUBREGION":"CC","EA_Common_site_name_Site_Profil":"Labouchere Channel Site","Exist_AIWI_Type":null}},
{"type":"Feature","geometry":{"type":"Polygon","coordinates":[[[-126.9664,52.8387],[-126.9789,52.842],[-126.9966,52.84],[-127.0145,52.8405],[-127.0227,52.8502],[-127.0378,52.8633],[-127.0506,52.8674],[-127.0711,52.8823],[-127.0817,52.8829],[-127.0864,52.8767],[-127.0753,52.8649],[-127.0556,52.8544],[-127.052,52.8498],[-127.0264,52.8356],[-127.0062,52.8191],[-126.9959,52.813],[-126.9967,52.8059],[-126.9873,52.7928],[-126.9922,52.79],[-126.9947,52.7766],[-127.0001,52.7737],[-127.0023,52.7638],[-126.9867,52.7445],[-126.9782,52.7393],[-126.9735,52.7242],[-126.9641,52.7173],[-126.9331,52.7328],[-126.9409,52.7354],[-126.9576,52.7618],[-126.9586,52.767],[-126.9515,52.7722],[-126.9559,52.7804],[-127.0088,52.8384],[-126.9664,52.8387]]]},"properties":{"UID":"S2_CC_145","Category_Simple":"Category 1","Area_km2":35.89905618374005,"SUBREGION":"CC","EA_Common_site_name_Site_Profil":"Kimsquit Site","Exist_AIWI_Type":null}},
{"type":"Feature","geometry":{"type":"Polygon","coordinates":[[[-127.4405,51.6397],[-127.4303,51.6369],[-127.4106,51.6359],[-127.3907,51.6447],[-127.3838,51.6563],[-127.3597,51.6562],[-127.3145,51.6689],[-127.2986,51.6674],[-127.266,51.6666],[-127.2543,51.6801],[-127.266,51.6804],[-127.2729,51.6847],[-127.2921,51.6878],[-127.3043,51.6866],[-127.3268,51.69],[-127.342,51.6948],[-127.3418,51.7022],[-127.336,51.7093],[-127.3383,51.7199],[-127.3326,51.7264],[-127.3426,51.7285],[-127.3482,51.7222],[-127.355,51.7082],[-127.3593,51.7051],[-127.3594,51.6854],[-127.3765,51.6801],[-127.3954,51.6827],[-127.4052,51.6764],[-127.4231,51.6713],[-127.4228,51.6622],[-127.435,51.6574],[-127.4494,51.6636],[-127.4405,51.6397]]]},"properties":{"UID":"S2_CC_102","Category_Simple":"Category 1","Area_km2":41.75213140619532,"SUBREGION":"CC","EA_Common_site_name_Site_Profil":"Rivers Inlet Site","Exist_AIWI_Type":null}},
{"type":"Feature","geometry":{"type":"Polygon","coordinates":[[[-127.4494,51.6636],[-127.4522,51.6704],[-127.4355,51.6969],[-127.4354,51.7102],[-127.4449,51.7248],[-127.4481,51.7376],[-127.4488,51.7547],[-127.4372,51.7664],[-127.4181,51.7624],[-127.396,51.7654],[-127.3789,51.7795],[-127.3789,51.7918],[-127.3868,51.7962],[-127.3705,51.8106],[-127.353,51.8359],[-127.3556,51.8473],[-127.3513,51.8682],[-127.3635,51.867],[-127.3653,51.8503],[-127.3727,51.8308],[-127.3795,51.8263],[-127.3842,51.8124],[-127.391,51.8098],[-127.4007,51.7937],[-127.399,51.7872],[-127.4133,51.7709],[-127.4213,51.7733],[-127.4277,51.7686],[-127.4373,51.7742],[-127.4409,51.7814],[-127.4518,51.78],[-127.4509,51.7707],[-127.4572,51.7647],[-127.4631,51.7505],[-127.4634,51.7334],[-127.4583,51.7281],[-127.4541,51.7022],[-127.4575,51.6953],[-127.4693,51.6968],[-127.487,51.6958],[-127.5083,51.7035],[-127.5264,51.7063],[-127.5438,51.7019],[-127.5634,51.7093],[-127.572,51.7064],[-127.6098,51.7111],[-127.6282,51.7073],[-127.6232,51.7021],[-127.6036,51.6979],[-127.5946,51.6997],[-127.5754,51.697],[-127.5515,51.6824],[-127.5358,51.6868],[-127.5312,51.6919],[-127.5139,51.6923],[-127.4854,51.6854],[-127.465,51.6869],[-127.4611,51.6795],[-127.4692,51.6666],[-127.4676,51.6604],[-127.4848,51.6463],[-127.5056,51.6464],[-127.5191,51.6429],[-127.5291,51.6447],[-127.5341,51.6407],[-127.547,51.6479],[-127.5494,51.6371],[-127.5078,51.6191],[-127.4946,51.6273],[-127.4691,51.6279],[-127.4405,51.6397],[-127.4494,51.6636]]]},"properties":{"UID":"S2_CC_103","Category_Simple":"Category 1","Area_km2":65.04359717634388,"SUBREGION":"CC","EA_Common_site_name_Site_Profil":"Rivers Inlet Site","Exist_AIWI_Type":null}},
{"type":"Feature","geometry":{"type":"Polygon","coordinates":[[[-128.0051,51.4789],[-128.0163,51.4748],[-128.0172,51.4658],[-128.0234,51.464],[-128.0007,51.4437],[-128.0518,51.3959],[-128.0807,51.3822],[-128.0973,51.3586],[-128.013,51.3331],[-128.0007,51.3526],[-127.9897,51.3593],[-127.9854,51.3682],[-127.9166,51.4026],[-127.8866,51.4158],[-127.8632,51.4396],[-127.8585,51.4494],[-127.8577,51.4646],[-127.8767,51.466],[-127.8768,51.4484],[-127.894,51.433],[-127.8987,51.4203],[-127.909,51.4243],[-127.9371,51.4282],[-127.9563,51.457],[-127.9686,51.4614],[-127.9817,51.4594],[-127.9856,51.4673],[-127.9968,51.4697],[-128.0051,51.4789]]]},"properties":{"UID":"S2_CC_100","Category_Simple":"Category 1","Area_km2":98.4255099921997,"SUBREGION":"CC","EA_Common_site_name_Site_Profil":"Calvert South Site","Exist_AIWI_Type":null}},
{"type":"Feature","geometry":{"type":"Polygon","coordinates":[[[-128.6966,52.869],[-128.7216,52.887],[-128.721,52.8822],[-128.7265,52.8654],[-128.7309,52.8618],[-128.7348,52.8501],[-128.7468,52.8374],[-128.7606,52.8345],[-128.7534,52.828],[-128.752,52.8199],[-128.7582,52.8171],[-128.7511,52.8052],[-128.7592,52.8042],[-128.7663,52.8119],[-128.7735,52.8016],[-128.7761,52.7734],[-128.7807,52.7694],[-128.7844,52.7558],[-128.79,52.7525],[-128.7864,52.7463],[-128.7913,52.7336],[-128.783,52.7278],[-128.7784,52.7186],[-128.7644,52.7034],[-128.7647,52.6853],[-128.7609,52.6753],[-128.7626,52.669],[-128.7405,52.6697],[-128.7453,52.7091],[-128.7532,52.7168],[-128.7598,52.7399],[-128.7595,52.7572],[-128.7554,52.7674],[-128.7438,52.7721],[-128.7477,52.7812],[-128.7383,52.7811],[-128.7327,52.7907],[-128.7276,52.8114],[-128.7317,52.8209],[-128.7205,52.8392],[-128.7137,52.8548],[-128.707,52.8626],[-128.6966,52.869]]]},"properties":{"UID":"S2_CC_195","Category_Simple":"Category 1","Area_km2":43.73715902308224,"SUBREGION":"CC","EA_Common_site_name_Site_Profil":"Kitasu Bay Site","Exist_AIWI_Type":null}},
{"type":"Feature","geometry":{"type":"Polygon","coordinates":[[[-128.6966,52.869],[-128.6827,52.8572],[-128.6794,52.8618],[-128.6886,52.8676],[-128.6858,52.8783],[-128.6736,52.8873],[-128.6635,52.8899],[-128.6558,52.9006],[-128.6577,52.9144],[-128.6511,52.929],[-128.6543,52.9582],[-128.6581,52.9688],[-128.6789,52.9697],[-128.6869,52.961],[-128.6829,52.9555],[-128.6841,52.9419],[-128.6777,52.9349],[-128.6743,52.9244],[-128.6774,52.9083],[-128.6982,52.8934],[-128.718,52.894],[-128.7187,52.902],[-128.7339,52.9041],[-128.7216,52.887],[-128.6966,52.869]],[[-128.6613,52.9307],[-128.6735,52.9431],[-128.6759,52.9529],[-128.6716,52.9637],[-128.6644,52.9611],[-128.6597,52.9354],[-128.6613,52.9307]]]},"properties":{"UID":"S2_CC_196","Category_Simple":"Category 1","Area_km2":21.4910879610079,"SUBREGION":"CC","EA_Common_site_name_Site_Profil":"Kitasu Bay Site","Exist_AIWI_Type":null}},
{"type":"Feature","geometry":{"type":"Polygon","coordinates":[[[-128.8027,52.5647],[-128.8141,52.5583],[-128.7809,52.5338],[-128.7678,52.5289],[-128.7592,52.5228],[-128.7437,52.516],[-128.744,52.5229],[-128.7307,52.5255],[-128.7218,52.5303],[-128.7063,52.5338],[-128.7164,52.5393],[-128.729,52.5404],[-128.7244,52.5506],[-128.7021,52.5515],[-128.6929,52.5474],[-128.673,52.5437],[-128.6745,52.5483],[-128.6962,52.5503],[-128.7078,52.5538],[-128.7062,52.5571],[-128.6854,52.5581],[-128.6982,52.5614],[-128.7025,52.5574],[-128.7127,52.5584],[-128.7007,52.571],[-128.6945,52.5845],[-128.7006,52.5895],[-128.7101,52.5871],[-128.7074,52.5784],[-128.7204,52.5775],[-128.7172,52.5726],[-128.713,52.5622],[-128.7138,52.5592],[-128.7099,52.556],[-128.7157,52.5526],[-128.7364,52.5624],[-128.7524,52.5613],[-128.7549,52.5664],[-128.7495,52.5778],[-128.7549,52.5923],[-128.7866,52.5738],[-128.8027,52.5647]]]},"properties":{"UID":"S2_CC_190","Category_Simple":"Category 1","Area_km2":32.4052678272143,"SUBREGION":"CC","EA_Common_site_name_Site_Profil":"Kitasu Bay Site","Exist_AIWI_Type":null}},
{"type":"Feature","geometry":{"type":"Polygon","coordinates":[[[-128.7626,52.669],[-128.7908,52.6643],[-128.7822,52.6755],[-128.7969,52.6842],[-128.7995,52.6953],[-128.8106,52.6893],[-128.8158,52.6728],[-128.8259,52.68],[-128.8346,52.6783],[-128.8418,52.6699],[-128.8498,52.6553],[-128.8607,52.6557],[-128.871,52.6628],[-128.8856,52.6568],[-128.8927,52.6489],[-128.8737,52.6423],[-128.8359,52.6294],[-128.7866,52.5738],[-128.7549,52.5923],[-128.7532,52.594],[-128.7536,52.6008],[-128.7598,52.6053],[-128.7581,52.6239],[-128.7507,52.643],[-128.7543,52.6538],[-128.7417,52.6566],[-128.7405,52.6697],[-128.7626,52.669]],[[-128.801,52.6858],[-128.7972,52.6817],[-128.7963,52.6653],[-128.8044,52.6527],[-128.8114,52.6546],[-128.8071,52.6661],[-128.8126,52.67],[-128.807,52.6826],[-128.801,52.6858]],[[-128.7631,52.6595],[-128.7579,52.6576],[-128.757,52.6342],[-128.7616,52.6191],[-128.7747,52.6251],[-128.787,52.6442],[-128.785,52.6568],[-128.7631,52.6595]]]},"properties":{"UID":"S2_CC_192","Category_Simple":"Category 1","Area_km2":50.16955908410168,"SUBREGION":"CC","EA_Common_site_name_Site_Profil":"Kitasu Bay Site","Exist_AIWI_Type":null}},
{"type":"Feature","geometry":{"type":"Polygon","coordinates":[[[-128.8384,52.4673],[-128.9178,52.4771],[-128.966,52.4328],[-128.9662,52.4324],[-128.9586,52.3773],[-129.0055,52.3593],[-129.008,52.3583],[-129.0087,52.358],[-129.0091,52.3579],[-129.0102,52.3575],[-129.0116,52.3569],[-129.0127,52.3565],[-129.0183,52.3543],[-129.0189,52.3541],[-129.0353,52.3478],[-129.0323,52.3434],[-128.8902,52.348],[-128.8731,52.3566],[-128.8519,52.368],[-128.8498,52.3691],[-128.8476,52.3703],[-128.8472,52.3705],[-128.8461,52.371],[-128.8433,52.3725],[-128.8426,52.3729],[-128.8416,52.3734],[-128.8412,52.3736],[-128.7946,52.3979],[-128.7913,52.3996],[-128.7835,52.4037],[-128.8131,52.4037],[-128.8384,52.4673]]]},"properties":{"UID":"S2_CC_172","Category_Simple":"Category 1","Area_km2":128.33231371829132,"SUBREGION":"CC","EA_Common_site_name_Site_Profil":"Kitasu Bay Site","Exist_AIWI_Type":null}},
{"type":"Feature","geometry":{"type":"Polygon","coordinates":[[[-128.4234,52.5001],[-128.4153,52.5029],[-128.4116,52.5098],[-128.3964,52.5004],[-128.3738,52.4968],[-128.3562,52.4989],[-128.3384,52.4949],[-128.3269,52.4971],[-128.3149,52.4956],[-128.3091,52.5],[-128.3153,52.5074],[-128.3384,52.5033],[-128.3597,52.507],[-128.3814,52.5042],[-128.4109,52.5106],[-128.4282,52.5196],[-128.4399,52.5323],[-128.4465,52.5321],[-128.4556,52.521],[-128.4487,52.5066],[-128.4234,52.5001]]]},"properties":{"UID":"S2_CC_181","Category_Simple":"Category 1","Area_km2":11.154675168022125,"SUBREGION":"CC","EA_Common_site_name_Site_Profil":"Kitasu Bay Site","Exist_AIWI_Type":null}},
{"type":"Feature","geometry":{"type":"Polygon","coordinates":[[[-128.4988,52.4318],[-128.5213,52.4316],[-128.5481,52.4399],[-128.5627,52.4489],[-128.5995,52.4586],[-128.6138,52.4643],[-128.6244,52.4572],[-128.6201,52.4454],[-128.5699,52.4208],[-128.5232,52.4077],[-128.4951,52.4263],[-128.4988,52.4318]]]},"properties":{"UID":"S2_CC_187","Category_Simple":"Category 1","Area_km2":22.389327260646827,"SUBREGION":"CC","EA_Common_site_name_Site_Profil":"Kitasu Bay Site","Exist_AIWI_Type":null}},
{"type":"Feature","geometry":{"type":"Polygon","coordinates":[[[-128.4413,52.5427],[-128.4403,52.5434],[-128.4419,52.5451],[-128.4421,52.5476],[-128.4356,52.5622],[-128.4443,52.5908],[-128.4433,52.6028],[-128.4472,52.6181],[-128.4448,52.6239],[-128.4494,52.6305],[-128.4472,52.642],[-128.5059,52.642],[-128.5197,52.6452],[-128.5293,52.6557],[-128.5379,52.6895],[-128.548,52.6926],[-128.5495,52.6774],[-128.5398,52.6634],[-128.5411,52.6573],[-128.5379,52.6418],[-128.5232,52.6052],[-128.5216,52.5942],[-128.5251,52.5918],[-128.5153,52.5834],[-128.5179,52.5749],[-128.4972,52.5464],[-128.4961,52.5428],[-128.4413,52.5427]],[[-128.4906,52.5529],[-128.4983,52.5567],[-128.5112,52.5764],[-128.5183,52.6004],[-128.506,52.598],[-128.4896,52.5625],[-128.4906,52.5529]]]},"properties":{"UID":"S2_CC_185","Category_Simple":"Category 1","Area_km2":55.928490005432906,"SUBREGION":"CC","EA_Common_site_name_Site_Profil":"Kitasu Bay Site","Exist_AIWI_Type":null}},
{"type":"Feature","geometry":{"type":"Polygon","coordinates":[[[-128.4539,52.8449],[-128.469,52.8606],[-128.4797,52.8635],[-128.4984,52.8838],[-128.5013,52.8919],[-128.4985,52.9094],[-128.5005,52.9205],[-128.5249,52.92],[-128.5261,52.9131],[-128.5222,52.9001],[-128.5314,52.883],[-128.5101,52.8833],[-128.5049,52.8738],[-128.4949,52.8628],[-128.4733,52.8518],[-128.4659,52.8431],[-128.4539,52.8449]]]},"properties":{"UID":"S2_CC_203","Category_Simple":"Category 1","Area_km2":11.342065189310253,"SUBREGION":"CC","EA_Common_site_name_Site_Profil":"Green Inlet Site","Exist_AIWI_Type":null}},
{"type":"Feature","geometry":{"type":"Polygon","coordinates":[[[-128.1665,52.8347],[-128.1467,52.8442],[-128.1612,52.8571],[-128.1734,52.8534],[-128.1905,52.8444],[-128.1665,52.8347]]]},"properties":{"UID":"S2_CC_212","Category_Simple":"Category 1","Area_km2":3.5994300150300975,"SUBREGION":"CC","EA_Common_site_name_Site_Profil":"Kynoch Inlet Site","Exist_AIWI_Type":null}},
{"type":"Feature","geometry":{"type":"MultiPolygon","coordinates":[[[[-128.1467,52.8442],[-128.1457,52.8258],[-128.1477,52.8066],[-128.1533,52.7903],[-128.1527,52.7816],[-128.1565,52.7613],[-128.1304,52.7684],[-128.1305,52.7902],[-128.1264,52.8085],[-128.1269,52.829],[-128.1301,52.8352],[-128.1439,52.8464],[-128.1351,52.8604],[-128.1379,52.864],[-128.1365,52.8769],[-128.1253,52.8926],[-128.1229,52.8733],[-128.1152,52.8761],[-128.1157,52.8847],[-128.1215,52.8928],[-128.1097,52.8982],[-128.1013,52.8951],[-128.0866,52.8952],[-128.0649,52.9052],[-128.0535,52.9079],[-128.043,52.9067],[-128.0311,52.9161],[-128.0457,52.9183],[-128.0823,52.9096],[-128.1196,52.9104],[-128.1269,52.9162],[-128.1369,52.9182],[-128.1379,52.9051],[-128.1532,52.8887],[-128.1605,52.8716],[-128.1612,52.8571],[-128.1467,52.8442]]],[[[-128.1304,52.7684],[-128.1141,52.7588],[-128.0905,52.7645],[-128.0556,52.757],[-128.0479,52.7528],[-127.9878,52.7403],[-127.9749,52.7398],[-127.9664,52.7428],[-127.9589,52.7311],[-127.9435,52.7286],[-127.9282,52.7343],[-127.9065,52.7358],[-127.88,52.752],[-127.8749,52.7417],[-127.8549,52.7382],[-127.8514,52.7337],[-127.8386,52.7305],[-127.8263,52.7364],[-127.8516,52.7405],[-127.8546,52.7451],[-127.8729,52.7508],[-127.8824,52.7603],[-127.9033,52.7475],[-127.9282,52.7445],[-127.9403,52.7385],[-127.9486,52.7408],[-127.9504,52.7472],[-127.9597,52.7523],[-127.9779,52.7517],[-127.9881,52.7658],[-127.9879,52.7759],[-127.9913,52.7871],[-128.0014,52.7858],[-128.0048,52.7721],[-128.0003,52.7591],[-128.0112,52.7576],[-128.0339,52.76],[-128.0598,52.7677],[-128.0695,52.7723],[-128.0897,52.7764],[-128.1173,52.7727],[-128.1304,52.7684]]]]},"properties":{"UID":"S2_CC_211","Category_Simple":"Category 1","Area_km2":61.54237776636971,"SUBREGION":"CC","EA_Common_site_name_Site_Profil":"Kynoch Inlet Site","Exist_AIWI_Type":null}},
{"type":"Feature","geometry":{"type":"MultiPolygon","coordinates":[[[[-128.7837,51.2493],[-128.6766,51.309],[-128.7995,51.4123],[-129.0149,51.3235],[-129.0081,51.2951],[-128.9293,51.2428],[-128.7837,51.2493]]],[[[-129.59,52.3832],[-129.5453,52.3297],[-129.5563,52.2717],[-129.6426,52.2343],[-129.7204,52.2819],[-129.7324,52.3659],[-129.7549,52.382],[-129.8085,52.3815],[-129.7367,52.2618],[-129.5593,52.1461],[-129.6039,52.0873],[-129.7062,51.9276],[-129.7061,51.878],[-129.6104,51.859],[-129.3038,51.9307],[-129.2368,52.0068],[-129.4249,52.1645],[-129.4977,52.3341],[-129.5442,52.3835],[-129.59,52.3832]]]]},"properties":{"UID":"S2_CC_831","Category_Simple":"Existing MPA/RCA - 'as-is, where-is'","Area_km2":549.7024855777995,"SUBREGION":"CC","EA_Common_site_name_Site_Profil":"Hecate Sponge Reef Site","Exist_AIWI_Type":"OA MPA Gls Spng Rf"}},
{"type":"Feature","geometry":{"type":"Polygon","coordinates":[[[-129.59,52.3832],[-129.7549,52.382],[-129.7324,52.3659],[-129.7204,52.2819],[-129.6426,52.2343],[-129.5563,52.2717],[-129.5453,52.3297],[-129.59,52.3832]]]},"properties":{"UID":"S2_CC_830","Category_Simple":"Existing MPA/RCA - 'as-is, where-is'","Area_km2":828.821607169456,"SUBREGION":"CC","EA_Common_site_name_Site_Profil":"Hecate Sponge Reef Site","Exist_AIWI_Type":"OA MPA Gls Spng Rf"}},
{"type":"Feature","geometry":{"type":"Polygon","coordinates":[[[-128.9178,52.4771],[-128.944,52.4804],[-128.9435,52.4757],[-128.9644,52.4656],[-128.9717,52.4561],[-128.9873,52.4545],[-128.997,52.4574],[-128.9952,52.4654],[-128.9983,52.4753],[-128.9956,52.4837],[-129.0045,52.4901],[-128.9977,52.4985],[-129.0048,52.5015],[-129.0064,52.508],[-129.0166,52.5139],[-129.0229,52.5306],[-129.0354,52.5258],[-129.0369,52.5157],[-129.0471,52.5148],[-129.0627,52.5206],[-129.0974,52.5003],[-129,52.4171],[-128.9664,52.4324],[-128.9662,52.4324],[-128.966,52.4328],[-128.9178,52.4771]]]},"properties":{"UID":"S2_CC_174","Category_Simple":"Category 1","Area_km2":53.24959369511549,"SUBREGION":"CC","EA_Common_site_name_Site_Profil":"Kitasu Bay Site","Exist_AIWI_Type":null}},
{"type":"Feature","geometry":{"type":"Polygon","coordinates":[[[-128.4131,52.4471],[-128.4014,52.4577],[-128.3751,52.4657],[-128.3574,52.4681],[-128.3452,52.4728],[-128.3321,52.4737],[-128.319,52.4701],[-128.3034,52.4707],[-128.2819,52.4782],[-128.2727,52.4721],[-128.269,52.4934],[-128.277,52.4891],[-128.3047,52.4821],[-128.3505,52.483],[-128.3627,52.4787],[-128.3859,52.4748],[-128.3928,52.4698],[-128.4124,52.4661],[-128.4197,52.4624],[-128.4131,52.4471]]]},"properties":{"UID":"S2_CC_180","Category_Simple":"Category 1","Area_km2":12.941025359566385,"SUBREGION":"CC","EA_Common_site_name_Site_Profil":"Kitasu Bay Site","Exist_AIWI_Type":null}},
{"type":"Feature","geometry":{"type":"Polygon","coordinates":[[[-128.8731,52.3566],[-128.8398,52.2766],[-128.7609,52.2178],[-128.7179,52.2048],[-128.6798,52.2084],[-128.5831,52.3341],[-128.6188,52.3331],[-128.6301,52.3061],[-128.6439,52.3079],[-128.6434,52.3015],[-128.6601,52.2952],[-128.6605,52.2822],[-128.6697,52.279],[-128.6906,52.2863],[-128.6961,52.2929],[-128.7286,52.3181],[-128.7336,52.3247],[-128.7367,52.3495],[-128.7348,52.3573],[-128.7502,52.3688],[-128.757,52.3764],[-128.7583,52.3963],[-128.763,52.4037],[-128.7653,52.4037],[-128.7667,52.4037],[-128.7835,52.4037],[-128.7913,52.3996],[-128.7946,52.3979],[-128.8412,52.3736],[-128.8416,52.3734],[-128.8426,52.3729],[-128.8433,52.3725],[-128.8461,52.371],[-128.8472,52.3705],[-128.8476,52.3703],[-128.8498,52.3691],[-128.8519,52.368],[-128.8731,52.3566]]]},"properties":{"UID":"S2_CC_170","Category_Simple":"Category 1","Area_km2":197.22034914916335,"SUBREGION":"CC","EA_Common_site_name_Site_Profil":"Kitasu Bay Site","Exist_AIWI_Type":null}},
{"type":"Feature","geometry":{"type":"Polygon","coordinates":[[[-128.7835,52.4037],[-128.7667,52.4037],[-128.7653,52.4037],[-128.763,52.4037],[-128.7585,52.4099],[-128.7488,52.4127],[-128.753,52.4185],[-128.7636,52.4147],[-128.7712,52.4251],[-128.7691,52.4354],[-128.7707,52.4447],[-128.7637,52.455],[-128.7631,52.4684],[-128.7666,52.4719],[-128.7502,52.4761],[-128.7366,52.4721],[-128.7275,52.4739],[-128.7277,52.4754],[-128.7313,52.4828],[-128.7332,52.4835],[-128.7482,52.4873],[-128.7659,52.4861],[-128.7689,52.4959],[-128.774,52.4975],[-128.7916,52.4924],[-128.7973,52.4974],[-128.798,52.5082],[-128.8099,52.5142],[-128.8108,52.5212],[-128.8256,52.5265],[-128.8227,52.5389],[-128.8259,52.5422],[-128.835,52.5415],[-128.8682,52.5389],[-128.8384,52.4673],[-128.8131,52.4037],[-128.7835,52.4037]]]},"properties":{"UID":"S2_CC_171","Category_Simple":"Category 1","Area_km2":61.66197737005314,"SUBREGION":"CC","EA_Common_site_name_Site_Profil":"Kitasu Bay Site","Exist_AIWI_Type":null}},
{"type":"Feature","geometry":{"type":"MultiPolygon","coordinates":[[[[-128.4403,52.5434],[-128.437,52.5449],[-128.416,52.5409],[-128.403,52.5357],[-128.3928,52.5362],[-128.3792,52.5332],[-128.3523,52.5242],[-128.3392,52.5226],[-128.3251,52.5246],[-128.3105,52.5233],[-128.3105,52.5252],[-128.3209,52.5292],[-128.3372,52.5313],[-128.3512,52.5309],[-128.384,52.537],[-128.3836,52.5394],[-128.4295,52.5468],[-128.4421,52.5476],[-128.4419,52.5451],[-128.4403,52.5434]]],[[[-128.2939,52.5204],[-128.2831,52.5133],[-128.2817,52.5293],[-128.2896,52.5307],[-128.2939,52.5227],[-128.2939,52.5204]]]]},"properties":{"UID":"S2_CC_182","Category_Simple":"Category 1","Area_km2":6.159412263943885,"SUBREGION":"CC","EA_Common_site_name_Site_Profil":"Kitasu Bay Site","Exist_AIWI_Type":null}},
{"type":"Feature","geometry":{"type":"Polygon","coordinates":[[[-128.6138,52.4643],[-128.6757,52.4937],[-128.6964,52.498],[-128.7019,52.503],[-128.6917,52.509],[-128.6915,52.5165],[-128.7139,52.5146],[-128.7218,52.507],[-128.7059,52.5044],[-128.7041,52.4968],[-128.7088,52.4822],[-128.7213,52.4846],[-128.7332,52.4835],[-128.7313,52.4828],[-128.7277,52.4754],[-128.7275,52.4739],[-128.718,52.4708],[-128.7046,52.4729],[-128.7071,52.4798],[-128.6873,52.4865],[-128.6759,52.4841],[-128.6787,52.4727],[-128.6676,52.4712],[-128.6722,52.4809],[-128.6566,52.4771],[-128.6552,52.4714],[-128.6262,52.4596],[-128.6244,52.4572],[-128.6138,52.4643]]]},"properties":{"UID":"S2_CC_188","Category_Simple":"Category 1","Area_km2":13.372053773174015,"SUBREGION":"CC","EA_Common_site_name_Site_Profil":"Kitasu Bay Site","Exist_AIWI_Type":null}},
{"type":"Feature","geometry":{"type":"Polygon","coordinates":[[[-128.7532,52.594],[-128.75,52.5956],[-128.7178,52.5964],[-128.7099,52.6005],[-128.669,52.6071],[-128.6391,52.6058],[-128.6304,52.6079],[-128.6014,52.6028],[-128.5861,52.5985],[-128.5796,52.6038],[-128.5799,52.6277],[-128.5761,52.6372],[-128.5665,52.6442],[-128.5615,52.6683],[-128.5788,52.6701],[-128.5836,52.6749],[-128.5948,52.6714],[-128.6005,52.6739],[-128.6142,52.6624],[-128.6202,52.6627],[-128.6302,52.656],[-128.6297,52.6438],[-128.6489,52.633],[-128.6444,52.628],[-128.6293,52.6364],[-128.6284,52.642],[-128.62,52.6454],[-128.6245,52.6524],[-128.6107,52.6578],[-128.5995,52.6688],[-128.5885,52.6668],[-128.576,52.6688],[-128.5769,52.6523],[-128.59,52.6383],[-128.5873,52.6287],[-128.5951,52.6243],[-128.5932,52.6085],[-128.5961,52.6056],[-128.6198,52.6067],[-128.6411,52.6126],[-128.6834,52.6105],[-128.6973,52.607],[-128.7155,52.6094],[-128.7323,52.603],[-128.7536,52.6008],[-128.7532,52.594]]]},"properties":{"UID":"S2_CC_197","Category_Simple":"Category 1","Area_km2":19.939618887435913,"SUBREGION":"CC","EA_Common_site_name_Site_Profil":"Kitasu Bay Site","Exist_AIWI_Type":null}},
{"type":"Feature","geometry":{"type":"Polygon","coordinates":[[[-128.4122,52.8206],[-128.4199,52.8216],[-128.4308,52.8144],[-128.4111,52.8074],[-128.3972,52.8073],[-128.3903,52.8178],[-128.4122,52.8206]]]},"properties":{"UID":"S2_CC_201","Category_Simple":"Category 1","Area_km2":3.1632095434747156,"SUBREGION":"CC","EA_Common_site_name_Site_Profil":"Green Inlet Site","Exist_AIWI_Type":null}},
{"type":"Feature","geometry":{"type":"Polygon","coordinates":[[[-128.9758,52.6888],[-128.9819,52.6929],[-129.0024,52.699],[-129.007,52.7045],[-128.9995,52.7162],[-128.9809,52.7253],[-128.9761,52.732],[-128.9762,52.7402],[-128.9848,52.74],[-128.9876,52.73],[-128.9959,52.725],[-129.0084,52.7114],[-129.0205,52.7114],[-129.0247,52.7161],[-129.0404,52.7223],[-129.0543,52.7327],[-129.0798,52.7155],[-129.0578,52.696],[-129.0608,52.6921],[-129.0484,52.6875],[-129.04,52.6807],[-129.0133,52.6733],[-128.9791,52.6874],[-128.9758,52.6888]]]},"properties":{"UID":"S2_CC_194","Category_Simple":"Category 1","Area_km2":22.92242097391527,"SUBREGION":"CC","EA_Common_site_name_Site_Profil":"Kitasu Bay Site","Exist_AIWI_Type":null}},
{"type":"Feature","geometry":{"type":"Polygon","coordinates":[[[-128.9662,52.4324],[-128.9664,52.4324],[-129,52.4171],[-129.0974,52.5003],[-129.127,52.4833],[-129.0353,52.3478],[-129.0189,52.3541],[-129.0183,52.3543],[-129.0127,52.3565],[-129.0116,52.3569],[-129.0102,52.3575],[-129.0091,52.3579],[-129.0087,52.358],[-129.008,52.3583],[-129.0055,52.3593],[-128.9586,52.3773],[-128.9662,52.4324]]]},"properties":{"UID":"S2_CC_173","Category_Simple":"Category 1","Area_km2":81.4127592330432,"SUBREGION":"CC","EA_Common_site_name_Site_Profil":"Kitasu Bay Site","Exist_AIWI_Type":null}},
{"type":"Feature","geometry":{"type":"Polygon","coordinates":[[[-128.3842,52.6756],[-128.37,52.675],[-128.3561,52.6685],[-128.3493,52.6757],[-128.3503,52.6838],[-128.3858,52.6846],[-128.3842,52.6756]]]},"properties":{"UID":"S2_CC_184","Category_Simple":"Category 1","Area_km2":3.0953051517735286,"SUBREGION":"CC","EA_Common_site_name_Site_Profil":"Kitasu Bay Site","Exist_AIWI_Type":null}},
{"type":"Feature","geometry":{"type":"Polygon","coordinates":[[[-128.4399,52.5323],[-128.4413,52.5427],[-128.4961,52.5428],[-128.4942,52.5274],[-128.4776,52.502],[-128.4737,52.485],[-128.4662,52.4749],[-128.4718,52.4635],[-128.4817,52.4545],[-128.4807,52.4469],[-128.4863,52.4399],[-128.4988,52.4318],[-128.4951,52.4263],[-128.5232,52.4077],[-128.4759,52.3916],[-128.476,52.3986],[-128.4617,52.3997],[-128.4565,52.4047],[-128.4438,52.4031],[-128.429,52.4063],[-128.4177,52.4141],[-128.4224,52.4211],[-128.4178,52.4294],[-128.4131,52.4471],[-128.4197,52.4624],[-128.4221,52.475],[-128.4203,52.4817],[-128.4234,52.5001],[-128.4487,52.5066],[-128.4556,52.521],[-128.4465,52.5321],[-128.4399,52.5323]]]},"properties":{"UID":"S2_CC_186","Category_Simple":"Category 1","Area_km2":63.65276041673539,"SUBREGION":"CC","EA_Common_site_name_Site_Profil":"Kitasu Bay Site","Exist_AIWI_Type":null}},
{"type":"Feature","geometry":{"type":"Polygon","coordinates":[[[-128.4898,52.9227],[-128.4844,52.9146],[-128.474,52.9144],[-128.4572,52.9203],[-128.4398,52.9197],[-128.4223,52.9315],[-128.4104,52.9365],[-128.413,52.9442],[-128.4003,52.942],[-128.3901,52.9851],[-128.3843,52.9908],[-128.3891,52.998],[-128.3991,52.9903],[-128.4033,52.9805],[-128.4008,52.9699],[-128.4058,52.9687],[-128.4082,52.9527],[-128.4131,52.9451],[-128.434,52.9372],[-128.4412,52.9297],[-128.4507,52.9291],[-128.4557,52.9242],[-128.467,52.9241],[-128.4781,52.9194],[-128.4862,52.9179],[-128.4898,52.9227]]]},"properties":{"UID":"S2_CC_204","Category_Simple":"Category 1","Area_km2":9.795790826971606,"SUBREGION":"CC","EA_Common_site_name_Site_Profil":"Green Inlet Site","Exist_AIWI_Type":null}},
{"type":"Feature","geometry":{"type":"MultiPolygon","coordinates":[[[[-129.5442,52.3835],[-129.5867,52.4285],[-129.7976,52.5682],[-129.873,52.5395],[-129.8851,52.5348],[-129.8775,52.5009],[-129.8758,52.4932],[-129.8085,52.3815],[-129.7549,52.382],[-129.7897,52.4068],[-129.8498,52.485],[-129.8372,52.5181],[-129.7947,52.5185],[-129.6736,52.4617],[-129.6233,52.423],[-129.59,52.3832],[-129.5442,52.3835]]],[[[-130.361,53.2062],[-130.5504,53.2557],[-130.6359,53.3118],[-130.7145,53.3946],[-130.8105,53.4015],[-130.9067,53.3222],[-130.7913,53.2246],[-130.774,53.129],[-130.7009,53.1216],[-130.5099,53.0519],[-130.4212,53.0485],[-130.3768,53.0934],[-130.3147,53.1561],[-130.3185,53.1666],[-130.3298,53.198],[-130.3349,53.1994],[-130.3466,53.2024],[-130.3469,53.2025],[-130.3477,53.2027],[-130.3484,53.2029],[-130.3492,53.2031],[-130.361,53.2062]]]]},"properties":{"UID":"S2_NC_834","Category_Simple":"Existing MPA/RCA - 'as-is, where-is'","Area_km2":352.50113938578517,"SUBREGION":"NC","EA_Common_site_name_Site_Profil":"Hecate Sponge Reef Site","Exist_AIWI_Type":"OA MPA Gls Spng Rf"}},
{"type":"Feature","geometry":{"type":"Polygon","coordinates":[[[-129.59,52.3832],[-129.6233,52.423],[-129.6736,52.4617],[-129.7947,52.5185],[-129.8372,52.5181],[-129.8498,52.485],[-129.7897,52.4068],[-129.7549,52.382],[-129.59,52.3832]]]},"properties":{"UID":"S2_NC_833","Category_Simple":"Existing MPA/RCA - 'as-is, where-is'","Area_km2":673.5408334771932,"SUBREGION":"NC","EA_Common_site_name_Site_Profil":"Hecate Sponge Reef Site","Exist_AIWI_Type":"OA MPA Gls Spng Rf"}},
{"type":"Feature","geometry":{"type":"Polygon","coordinates":[[[-129.4338,53.3918],[-129.4211,53.3926],[-129.4169,53.4108],[-129.4084,53.4131],[-129.4482,53.4405],[-129.4409,53.4272],[-129.4287,53.422],[-129.4188,53.4136],[-129.4297,53.4129],[-129.4392,53.4162],[-129.4379,53.3988],[-129.4338,53.3918]]]},"properties":{"UID":"S2_NC_315","Category_Simple":"Category 1","Area_km2":4.283567461552926,"SUBREGION":"NC","EA_Common_site_name_Site_Profil":"Union Passage Site","Exist_AIWI_Type":null}},
{"type":"Feature","geometry":{"type":"Polygon","coordinates":[[[-129.2326,53.5192],[-129.2581,53.5171],[-129.2812,53.5191],[-129.2987,53.5275],[-129.3008,53.5369],[-129.3182,53.5534],[-129.3363,53.553],[-129.3117,53.5383],[-129.3053,53.5265],[-129.2773,53.5129],[-129.2684,53.5114],[-129.2431,53.513],[-129.2377,53.5116],[-129.2326,53.5192]]]},"properties":{"UID":"S2_NC_320","Category_Simple":"Category 1","Area_km2":6.43427817761487,"SUBREGION":"NC","EA_Common_site_name_Site_Profil":"Hartley Bay Site","Exist_AIWI_Type":null}},
{"type":"Feature","geometry":{"type":"Polygon","coordinates":[[[-129.224,53.6334],[-129.2336,53.6309],[-129.2574,53.6365],[-129.2653,53.64],[-129.2747,53.6384],[-129.295,53.6492],[-129.3031,53.6368],[-129.2983,53.6302],[-129.2639,53.6222],[-129.2403,53.6137],[-129.2424,53.608],[-129.2316,53.6057],[-129.2292,53.6144],[-129.2242,53.6325],[-129.224,53.6334]]]},"properties":{"UID":"S2_NC_321","Category_Simple":"Category 1","Area_km2":10.354448573633515,"SUBREGION":"NC","EA_Common_site_name_Site_Profil":"Hartley Bay Site","Exist_AIWI_Type":null}},
{"type":"Feature","geometry":{"type":"MultiPolygon","coordinates":[[[[-130.4884,54.1633],[-130.5584,54.1633],[-130.5317,54.1283],[-130.4817,54.1283],[-130.44,54.14],[-130.4884,54.1633]]],[[[-130.5384,54.1883],[-130.5767,54.1883],[-130.565,54.1717],[-130.5067,54.1717],[-130.5384,54.1883]]]]},"properties":{"UID":"S2_NC_705","Category_Simple":"Existing MPA/RCA - 'as-is, where-is'","Area_km2":26.703246670193323,"SUBREGION":"NC","EA_Common_site_name_Site_Profil":"Stephens Island Site","Exist_AIWI_Type":"RCA"}},
{"type":"Feature","geometry":{"type":"Polygon","coordinates":[[[-130.75,54.095],[-130.9117,54.095],[-130.8667,54],[-130.7484,54],[-130.7145,54.0254],[-130.7112,54.0427],[-130.75,54.095]]]},"properties":{"UID":"S2_NC_707","Category_Simple":"Existing MPA/RCA - 'as-is, where-is'","Area_km2":111.99086943743757,"SUBREGION":"NC","EA_Common_site_name_Site_Profil":"Stephens Island Site","Exist_AIWI_Type":"RCA"}},
{"type":"Feature","geometry":{"type":"Polygon","coordinates":[[[-129.2935,52.5536],[-129.2931,52.5002],[-129.4392,52.4997],[-129.4403,52.6078],[-129.3635,52.6081],[-129.3995,52.6375],[-129.411,52.6468],[-129.4135,52.6488],[-129.4134,52.6489],[-129.4146,52.6525],[-129.4146,52.6528],[-129.4191,52.6579],[-129.4148,52.6643],[-129.415,52.6644],[-129.4147,52.6644],[-129.4148,52.6648],[-129.4151,52.6667],[-129.4151,52.6668],[-129.4269,52.6712],[-129.4262,52.6844],[-129.4153,52.6903],[-129.4152,52.6903],[-129.4163,52.7557],[-129.5417,52.7133],[-129.4723,52.5279],[-129.464,52.5015],[-129.4217,52.3917],[-129.0917,52.3917],[-129.2935,52.5536]]]},"properties":{"UID":"S2_NC_300","Category_Simple":"Category 1","Area_km2":389.89337000262816,"SUBREGION":"NC","EA_Common_site_name_Site_Profil":"Caamano Sound, Aristazabal, Rennison Site","Exist_AIWI_Type":null}},
{"type":"Feature","geometry":{"type":"MultiPolygon","coordinates":[[[[-130.5517,53.7899],[-130.5517,53.79],[-130.5518,53.7899],[-130.5517,53.7899]]],[[[-130.5531,53.7891],[-130.6021,53.7609],[-130.4413,53.6898],[-130.4134,53.671],[-130.4032,53.6813],[-130.4078,53.6863],[-130.3966,53.6906],[-130.3864,53.7029],[-130.4005,53.7066],[-130.3789,53.7125],[-130.353,53.7316],[-130.33,53.7377],[-130.3189,53.7439],[-130.3068,53.7429],[-130.2878,53.7512],[-130.3005,53.7584],[-130.3063,53.7665],[-130.3158,53.7729],[-130.315,53.7842],[-130.3034,53.7908],[-130.3135,53.7961],[-130.3351,53.7982],[-130.3345,53.8237],[-130.3501,53.8258],[-130.3796,53.824],[-130.4174,53.8297],[-130.4326,53.8421],[-130.4545,53.8385],[-130.4697,53.8421],[-130.4802,53.8383],[-130.5027,53.8433],[-130.4853,53.8476],[-130.4996,53.853],[-130.503,53.8616],[-130.5109,53.8652],[-130.5064,53.877],[-130.493,53.8796],[-130.5174,53.8955],[-130.5285,53.8955],[-130.534,53.9005],[-130.5512,53.8978],[-130.5676,53.9053],[-130.5767,53.9202],[-130.5845,53.9237],[-130.5905,53.9337],[-130.6035,53.9377],[-130.6095,53.9482],[-130.6241,53.9512],[-130.63,53.9474],[-130.6358,53.9363],[-130.6448,53.938],[-130.6551,53.9352],[-130.6731,53.9398],[-130.6696,53.9483],[-130.6856,53.9448],[-130.6796,53.933],[-130.6854,53.9276],[-130.6841,53.9174],[-130.6984,53.9156],[-130.7024,53.9108],[-130.6965,53.8908],[-130.665,53.8809],[-130.6485,53.8732],[-130.6184,53.863],[-130.6168,53.8443],[-130.6317,53.845],[-130.6446,53.8347],[-130.6594,53.8373],[-130.6934,53.8183],[-130.7007,53.8143],[-130.6543,53.7872],[-130.6247,53.8006],[-130.6259,53.8087],[-130.6413,53.8123],[-130.6232,53.826],[-130.6001,53.833],[-130.5853,53.8442],[-130.5724,53.8495],[-130.5562,53.8476],[-130.5301,53.8317],[-130.513,53.8273],[-130.5004,53.8197],[-130.5069,53.8145],[-130.5192,53.8118],[-130.528,53.8141],[-130.5391,53.8058],[-130.532,53.796],[-130.5507,53.7905],[-130.5517,53.7899],[-130.5531,53.7891]]],[[[-130.7319,53.9096],[-130.728,53.9233],[-130.7384,53.9209],[-130.7442,53.9101],[-130.7319,53.9096]]]]},"properties":{"UID":"S2_NC_331","Category_Simple":"Category 1","Area_km2":270.1923125769676,"SUBREGION":"NC","EA_Common_site_name_Site_Profil":"Kitkatla Inlet Site","Exist_AIWI_Type":null}},
{"type":"Feature","geometry":{"type":"Polygon","coordinates":[[[-130.5517,53.7899],[-130.5507,53.7905],[-130.5602,53.789],[-130.5828,53.7932],[-130.5935,53.789],[-130.6063,53.7977],[-130.6247,53.8006],[-130.6543,53.7872],[-130.6021,53.7609],[-130.5531,53.7891],[-130.5517,53.7899]],[[-130.5517,53.7899],[-130.5518,53.7899],[-130.5517,53.79],[-130.5517,53.7899]]]},"properties":{"UID":"S2_NC_333","Category_Simple":"Category 1","Area_km2":14.160603670761537,"SUBREGION":"NC","EA_Common_site_name_Site_Profil":"Kitkatla Inlet Site","Exist_AIWI_Type":null}},
{"type":"Feature","geometry":{"type":"Polygon","coordinates":[[[-130.6594,53.8373],[-130.6636,53.846],[-130.6744,53.8463],[-130.6905,53.8422],[-130.7069,53.8472],[-130.6999,53.852],[-130.7084,53.86],[-130.7224,53.8687],[-130.7161,53.8773],[-130.7108,53.8971],[-130.7319,53.9096],[-130.7442,53.9101],[-130.8243,53.9078],[-130.8124,53.8821],[-130.6934,53.8183],[-130.6594,53.8373]]]},"properties":{"UID":"S2_NC_332","Category_Simple":"Category 1","Area_km2":47.039946098414326,"SUBREGION":"NC","EA_Common_site_name_Site_Profil":"Kitkatla Inlet Site","Exist_AIWI_Type":null}},
{"type":"Feature","geometry":{"type":"Polygon","coordinates":[[[-129.6424,53.0259],[-129.6849,53.0157],[-129.6948,53.0131],[-129.6819,52.9909],[-129.7096,52.9828],[-129.7003,52.9706],[-129.6685,52.9801],[-129.6615,52.9774],[-129.6563,52.9672],[-129.6195,52.9182],[-129.6168,52.9177],[-129.4754,52.9613],[-129.4823,52.9737],[-129.4909,52.9774],[-129.5146,52.9706],[-129.5283,52.9724],[-129.5544,52.9958],[-129.5559,52.9963],[-129.5599,52.9978],[-129.564,52.9994],[-129.564,52.9995],[-129.567,53.0005],[-129.5766,53.0043],[-129.5773,53.0045],[-129.5788,53.0051],[-129.5799,53.0053],[-129.597,53.0118],[-129.5992,53.0127],[-129.6114,53.0132],[-129.6159,53.018],[-129.6316,53.0216],[-129.6383,53.0237],[-129.6402,53.0246],[-129.6409,53.0251],[-129.6411,53.0252],[-129.6422,53.0258],[-129.6424,53.0259]]]},"properties":{"UID":"S2_NC_311","Category_Simple":"Category 1","Area_km2":52.0555145431195,"SUBREGION":"NC","EA_Common_site_name_Site_Profil":"Trutch Island Site","Exist_AIWI_Type":null}},
{"type":"Feature","geometry":{"type":"MultiPolygon","coordinates":[[[[-129.6316,53.0216],[-129.6349,53.0286],[-129.656,53.034],[-129.6573,53.0394],[-129.6893,53.0495],[-129.6952,53.0598],[-129.6951,53.0659],[-129.6815,53.0642],[-129.681,53.0562],[-129.6567,53.053],[-129.6387,53.054],[-129.6302,53.046],[-129.6212,53.0463],[-129.6056,53.0323],[-129.5974,53.0222],[-129.5992,53.0127],[-129.597,53.0118],[-129.5896,53.0179],[-129.5816,53.0137],[-129.5798,53.0054],[-129.5799,53.0053],[-129.5788,53.0051],[-129.5773,53.0045],[-129.5766,53.0043],[-129.567,53.0005],[-129.5733,53.0136],[-129.5855,53.0209],[-129.593,53.0208],[-129.6009,53.0291],[-129.5918,53.0415],[-129.578,53.0488],[-129.5803,53.0529],[-129.5976,53.0395],[-129.607,53.0365],[-129.6199,53.0484],[-129.6057,53.0578],[-129.5907,53.0592],[-129.5979,53.0668],[-129.6107,53.0606],[-129.622,53.0509],[-129.6393,53.0577],[-129.6675,53.0663],[-129.6769,53.065],[-129.6976,53.0682],[-129.7139,53.0747],[-129.7358,53.0784],[-129.7344,53.0871],[-129.7491,53.1036],[-129.7556,53.1266],[-129.7511,53.1331],[-129.7432,53.1343],[-129.746,53.1417],[-129.7725,53.1321],[-129.7497,53.0782],[-129.7408,53.0639],[-129.7206,53.0565],[-129.6849,53.0157],[-129.6424,53.0259],[-129.6422,53.0258],[-129.6411,53.0252],[-129.6409,53.0251],[-129.6402,53.0246],[-129.6383,53.0237],[-129.6316,53.0216]]],[[[-129.4823,52.9737],[-129.4933,52.99],[-129.5071,52.9896],[-129.5098,53.0076],[-129.5252,53.0067],[-129.5446,53.0117],[-129.5543,53.009],[-129.564,52.9995],[-129.564,52.9994],[-129.5599,52.9978],[-129.5559,52.9963],[-129.5544,52.9958],[-129.5283,52.9724],[-129.5146,52.9706],[-129.4909,52.9774],[-129.4823,52.9737]]]]},"properties":{"UID":"S2_NC_312","Category_Simple":"Category 1","Area_km2":40.97022709892938,"SUBREGION":"NC","EA_Common_site_name_Site_Profil":"Trutch Island Site","Exist_AIWI_Type":null}},
{"type":"Feature","geometry":{"type":"Polygon","coordinates":[[[-130.1484,53.1667],[-130.148,53.1433],[-129.835,53.0833],[-129.7767,53.085],[-129.7929,53.1636],[-129.796,53.1687],[-129.8192,53.17],[-129.8296,53.1735],[-129.8297,53.1832],[-129.8429,53.1859],[-129.8481,53.1832],[-129.8632,53.1877],[-129.8745,53.1855],[-129.8723,53.1772],[-129.9055,53.1661],[-129.906,53.1713],[-129.9235,53.1689],[-129.9305,53.1721],[-129.9372,53.1652],[-129.9508,53.1629],[-129.9562,53.1667],[-130.1034,53.1667],[-130.1484,53.1667]]]},"properties":{"UID":"S2_NC_305","Category_Simple":"Category 1","Area_km2":162.47893337850948,"SUBREGION":"NC","EA_Common_site_name_Site_Profil":"Carlo Range and Hecate Site","Exist_AIWI_Type":null}},
{"type":"Feature","geometry":{"type":"Polygon","coordinates":[[[-129.4152,52.6903],[-129.4061,52.6846],[-129.4016,52.6773],[-129.4155,52.6757],[-129.4148,52.6667],[-129.4151,52.6668],[-129.4151,52.6667],[-129.4148,52.6648],[-129.4147,52.6644],[-129.415,52.6644],[-129.4148,52.6643],[-129.4191,52.6579],[-129.4146,52.6528],[-129.4146,52.6525],[-129.4134,52.6489],[-129.4135,52.6488],[-129.411,52.6468],[-129.3995,52.6375],[-129.3929,52.6945],[-129.259,52.6909],[-129.2399,52.6863],[-129.242,52.6988],[-129.2492,52.7042],[-129.2694,52.7094],[-129.2789,52.7159],[-129.2847,52.7238],[-129.2759,52.7341],[-129.2766,52.7378],[-129.2944,52.7503],[-129.3051,52.7625],[-129.3021,52.7675],[-129.3029,52.7787],[-129.286,52.7821],[-129.2787,52.7924],[-129.2935,52.8087],[-129.2904,52.8219],[-129.2758,52.8271],[-129.2678,52.8254],[-129.2249,52.8052],[-129.215,52.8031],[-129.21,52.7957],[-129.1178,52.8067],[-129.1236,52.8236],[-129.1279,52.8281],[-129.1371,52.8478],[-129.1297,52.8512],[-129.1269,52.8585],[-129.1347,52.8669],[-129.126,52.8735],[-129.1251,52.8822],[-129.1153,52.8821],[-129.096,52.8741],[-129.0711,52.8692],[-129.0665,52.8622],[-129.0545,52.8618],[-129.0356,52.8581],[-129.0369,52.8668],[-129.0423,52.8692],[-129.0631,52.87],[-129.0699,52.8779],[-129.091,52.8835],[-129.0947,52.8888],[-129.0645,52.8994],[-129.0719,52.907],[-129.0845,52.9054],[-129.0924,52.9013],[-129.107,52.8985],[-129.1275,52.9],[-129.1313,52.9179],[-129.1279,52.9222],[-129.1363,52.9401],[-129.1331,52.946],[-129.1378,52.9571],[-129.1324,52.9718],[-129.1506,52.9675],[-129.1514,52.9625],[-129.1441,52.952],[-129.1479,52.9442],[-129.1387,52.9358],[-129.1374,52.926],[-129.1491,52.9232],[-129.1718,52.9243],[-129.1692,52.9287],[-129.1822,52.933],[-129.1839,52.9428],[-129.1981,52.9516],[-129.2002,52.9633],[-129.195,52.9721],[-129.2009,52.9808],[-129.1976,52.9886],[-129.201,52.9984],[-129.1967,53.0052],[-129.1966,53.0211],[-129.1756,53.0405],[-129.1767,53.0458],[-129.1663,53.0576],[-129.1739,53.0591],[-129.1831,53.0674],[-129.173,53.0721],[-129.1509,53.0729],[-129.176,53.0814],[-129.213,53.1005],[-129.2209,53.0982],[-129.226,53.0907],[-129.241,53.0908],[-129.2554,53.0881],[-129.2635,53.0901],[-129.2621,53.1005],[-129.2718,53.1002],[-129.2678,53.0927],[-129.2784,53.079],[-129.2893,53.0834],[-129.3456,53.0735],[-129.3574,53.0705],[-129.3599,53.0694],[-129.3502,53.0627],[-129.3353,53.0585],[-129.3165,53.0476],[-129.3121,53.0344],[-129.3079,53.0111],[-129.3049,53.0042],[-129.3045,52.9893],[-129.2982,52.9736],[-129.3055,52.9641],[-129.3231,52.9604],[-129.3416,52.9628],[-129.3522,52.9688],[-129.3707,52.9753],[-129.3707,52.9811],[-129.3787,52.9841],[-129.4069,53.0037],[-129.4145,53.0041],[-129.432,53.0173],[-129.4286,53.0257],[-129.442,53.0464],[-129.4493,53.0508],[-129.4522,53.0503],[-129.4572,53.0494],[-129.4636,53.0482],[-129.494,53.0426],[-129.4789,53.0248],[-129.4555,53.0083],[-129.4073,52.9784],[-129.5116,52.9288],[-129.434,52.8892],[-129.5638,52.8202],[-129.5417,52.7133],[-129.4163,52.7557],[-129.4152,52.6903]],[[-129.2055,53.0748],[-129.2012,53.0693],[-129.1976,53.0527],[-129.2179,53.0536],[-129.2307,53.0618],[-129.2208,53.0705],[-129.2055,53.0748]],[[-129.3522,52.8582],[-129.3447,52.8492],[-129.3263,52.8481],[-129.3136,52.8355],[-129.3186,52.8296],[-129.3233,52.8],[-129.3384,52.7994],[-129.3477,52.8038],[-129.3566,52.813],[-129.3656,52.8124],[-129.3685,52.8298],[-129.3603,52.8345],[-129.3623,52.845],[-129.3522,52.8582]]]},"properties":{"UID":"S2_NC_310","Category_Simple":"Category 1","Area_km2":743.7784912187901,"SUBREGION":"NC","EA_Common_site_name_Site_Profil":"Caamano Sound, Aristazabal, Rennison Site","Exist_AIWI_Type":null}},
{"type":"Feature","geometry":{"type":"Polygon","coordinates":[[[-128.5543,53.0477],[-128.5416,53.0306],[-128.5241,53.0315],[-128.5415,53.0543],[-128.5504,53.0685],[-128.5376,53.0789],[-128.5357,53.0851],[-128.5201,53.089],[-128.5093,53.0881],[-128.4952,53.0914],[-128.4774,53.0921],[-128.4726,53.095],[-128.4595,53.0936],[-128.4483,53.096],[-128.4374,53.0847],[-128.425,53.0833],[-128.4072,53.0775],[-128.3976,53.0841],[-128.4114,53.0856],[-128.4281,53.0906],[-128.4348,53.1026],[-128.4659,53.1068],[-128.489,53.0966],[-128.5162,53.0947],[-128.5272,53.0968],[-128.5421,53.0946],[-128.5566,53.0874],[-128.5704,53.1082],[-128.5686,53.1188],[-128.6004,53.1189],[-128.5959,53.1118],[-128.5866,53.108],[-128.5758,53.094],[-128.5706,53.0823],[-128.5631,53.057],[-128.5543,53.0477]]]},"properties":{"UID":"S2_NC_206","Category_Simple":"Category 1","Area_km2":23.715181720832256,"SUBREGION":"NC","EA_Common_site_name_Site_Profil":"Khutze Inlet Site","Exist_AIWI_Type":null}},
{"type":"Feature","geometry":{"type":"Polygon","coordinates":[[[-129.0582,52.7595],[-129.0597,52.7631],[-129.0839,52.7646],[-129.0814,52.755],[-129.0582,52.7595]]]},"properties":{"UID":"S2_NC_319","Category_Simple":"Existing MPA/RCA - 'as-is, where-is'","Area_km2":0.8292191471301146,"SUBREGION":"NC","EA_Common_site_name_Site_Profil":"Caamano Sound, Aristazabal, Rennison Site","Exist_AIWI_Type":"BC Cons"}},
{"type":"Feature","geometry":{"type":"Polygon","coordinates":[[[-128.3682,53.5081],[-128.3643,53.5081],[-128.3636,53.5108],[-128.3697,53.5098],[-128.3682,53.5081]]]},"properties":{"UID":"S2_NC_345","Category_Simple":"Existing MPA/RCA - 'as-is, where-is'","Area_km2":0.11731265610691283,"SUBREGION":"NC","EA_Common_site_name_Site_Profil":"Gardner Canal Site","Exist_AIWI_Type":"BC PA"}},
{"type":"Feature","geometry":{"type":"Polygon","coordinates":[[[-128.783,53.8106],[-128.7928,53.8055],[-128.7894,53.8032],[-128.7796,53.8083],[-128.783,53.8106]]]},"properties":{"UID":"S2_NC_352","Category_Simple":"Existing MPA/RCA - 'as-is, where-is'","Area_km2":0.28400838666836326,"SUBREGION":"NC","EA_Common_site_name_Site_Profil":"Douglas Channel Site","Exist_AIWI_Type":"BC MP"}},
{"type":"Feature","geometry":{"type":"Polygon","coordinates":[[[-128.5165,53.8488],[-128.5247,53.8512],[-128.5198,53.8285],[-128.4936,53.8209],[-128.4848,53.827],[-128.4931,53.8344],[-128.4959,53.847],[-128.5165,53.8488]]]},"properties":{"UID":"S2_NC_350","Category_Simple":"Existing MPA/RCA - 'as-is, where-is'","Area_km2":5.186059323082279,"SUBREGION":"NC","EA_Common_site_name_Site_Profil":"Douglas Channel Site","Exist_AIWI_Type":"BC MP"}},
{"type":"Feature","geometry":{"type":"Polygon","coordinates":[[[-128.7158,53.812],[-128.7089,53.7992],[-128.7034,53.803],[-128.7038,53.8105],[-128.7158,53.812]]]},"properties":{"UID":"S2_NC_351","Category_Simple":"Existing MPA/RCA - 'as-is, where-is'","Area_km2":0.6569557114261895,"SUBREGION":"NC","EA_Common_site_name_Site_Profil":"Douglas Channel Site","Exist_AIWI_Type":"BC MP"}},
{"type":"Feature","geometry":{"type":"Polygon","coordinates":[[[-129.0641,53.7349],[-129.0481,53.7415],[-129.0294,53.7533],[-129.029,53.7582],[-129.0094,53.7579],[-129.0009,53.762],[-128.9742,53.7679],[-128.9683,53.7724],[-128.9612,53.7835],[-128.9622,53.7926],[-128.9669,53.7986],[-128.9601,53.802],[-128.9602,53.8149],[-128.9667,53.8222],[-128.966,53.8278],[-128.9558,53.8487],[-128.9673,53.8496],[-128.9627,53.8671],[-128.9649,53.8728],[-128.9919,53.8934],[-129.0108,53.8939],[-129.0338,53.8986],[-129.0259,53.8862],[-129.0152,53.8849],[-128.9971,53.8878],[-128.9957,53.8818],[-128.9815,53.8712],[-128.9828,53.8643],[-128.9748,53.8539],[-128.9788,53.8414],[-128.9806,53.8244],[-128.9753,53.8131],[-128.9734,53.8017],[-128.9637,53.7923],[-128.9626,53.7849],[-128.9696,53.7728],[-128.9752,53.7686],[-129.0015,53.7629],[-129.0099,53.7587],[-129.0196,53.7635],[-129.0216,53.7688],[-129.0217,53.7688],[-129.0264,53.7674],[-129.0264,53.7673],[-129.0396,53.766],[-129.0518,53.7688],[-129.0594,53.7765],[-129.06,53.784],[-129.078,53.7905],[-129.0766,53.7969],[-129.0664,53.8029],[-129.0629,53.8153],[-129.0821,53.8362],[-129.0956,53.8313],[-129.0858,53.819],[-129.0842,53.8125],[-129.0979,53.8076],[-129.0965,53.7985],[-129.1009,53.7893],[-129.0911,53.7761],[-129.0726,53.7777],[-129.0686,53.7716],[-129.0561,53.7626],[-129.0342,53.7632],[-129.0309,53.7536],[-129.0446,53.7443],[-129.0648,53.7357],[-129.0649,53.7356],[-129.0641,53.7349]]]},"properties":{"UID":"S2_NC_354","Category_Simple":"Existing MPA/RCA - 'as-is, where-is'","Area_km2":27.302583219362894,"SUBREGION":"NC","EA_Common_site_name_Site_Profil":"Douglas Channel Site","Exist_AIWI_Type":"BC MP"}},
{"type":"Feature","geometry":{"type":"Polygon","coordinates":[[[-129.0217,53.7688],[-129.0261,53.7691],[-129.0264,53.7674],[-129.0217,53.7688]]]},"properties":{"UID":"S2_NC_355","Category_Simple":"Existing MPA/RCA - 'as-is, where-is'","Area_km2":0.05253280342592309,"SUBREGION":"NC","EA_Common_site_name_Site_Profil":"Douglas Channel Site","Exist_AIWI_Type":"BC PA"}},
{"type":"Feature","geometry":{"type":"Polygon","coordinates":[[[-127.9146,53.2482],[-127.9033,53.2397],[-127.8901,53.238],[-127.8793,53.2278],[-127.8772,53.2505],[-127.89,53.253],[-127.9066,53.2606],[-127.9146,53.2482]]]},"properties":{"UID":"S2_NC_340","Category_Simple":"Existing MPA/RCA - 'as-is, where-is'","Area_km2":4.907881614916955,"SUBREGION":"NC","EA_Common_site_name_Site_Profil":"Gardner Canal Site","Exist_AIWI_Type":"BC Cons"}},
{"type":"Feature","geometry":{"type":"Polygon","coordinates":[[[-128.8576,53.84],[-128.8621,53.8378],[-128.8576,53.8385],[-128.8576,53.84]]]},"properties":{"UID":"S2_NC_353","Category_Simple":"Existing MPA/RCA - 'as-is, where-is'","Area_km2":0.0794831549802214,"SUBREGION":"NC","EA_Common_site_name_Site_Profil":"Douglas Channel Site","Exist_AIWI_Type":"BC PA"}},
{"type":"Feature","geometry":{"type":"Polygon","coordinates":[[[-130.0293,54.6393],[-130.0401,54.643],[-130.0623,54.6581],[-130.0841,54.6906],[-130.0932,54.6928],[-130.1065,54.6908],[-130.1185,54.6963],[-130.1234,54.7037],[-130.1442,54.7154],[-130.1736,54.718],[-130.1881,54.7222],[-130.2077,54.7204],[-130.2208,54.7229],[-130.2161,54.7098],[-130.2023,54.7107],[-130.1934,54.7134],[-130.169,54.7074],[-130.1563,54.7077],[-130.1431,54.7007],[-130.1431,54.7006],[-130.1304,54.6904],[-130.1232,54.68],[-130.1131,54.6766],[-130.0954,54.6649],[-130.1039,54.6763],[-130.0929,54.6847],[-130.0878,54.6738],[-130.0726,54.6508],[-130.0602,54.6389],[-130.0601,54.6389],[-130.0481,54.6324],[-130.0435,54.6266],[-130.0248,54.6203],[-130.0091,54.6188],[-129.9964,54.6083],[-129.9745,54.6021],[-129.9659,54.6084],[-129.966,54.6084],[-129.9916,54.6166],[-129.9981,54.6255],[-130.0126,54.6313],[-130.0192,54.637],[-130.0193,54.637],[-130.0293,54.6393]]]},"properties":{"UID":"S2_NC_714","Category_Simple":"Existing MPA/RCA - 'as-is, where-is'","Area_km2":25.788720866508015,"SUBREGION":"NC","EA_Common_site_name_Site_Profil":"Khutzeymateen Site","Exist_AIWI_Type":"BC Cons"}},
{"type":"Feature","geometry":{"type":"MultiPolygon","coordinates":[[[[-130.0726,54.6508],[-130.065,54.6399],[-130.0602,54.6389],[-130.0726,54.6508]]],[[[-130.1131,54.6766],[-130.108,54.6675],[-130.0954,54.6649],[-130.1131,54.6766]]]]},"properties":{"UID":"S2_NC_715","Category_Simple":"Existing MPA/RCA - 'as-is, where-is'","Area_km2":1.7419500409935662,"SUBREGION":"NC","EA_Common_site_name_Site_Profil":"Khutzeymateen Site","Exist_AIWI_Type":"BC Cons"}},
{"type":"Feature","geometry":{"type":"Polygon","coordinates":[[[-129.9745,54.6021],[-129.9744,54.6021],[-129.9628,54.5981],[-129.9457,54.5958],[-129.9349,54.6025],[-129.9212,54.6043],[-129.9013,54.6137],[-129.8954,54.6213],[-129.907,54.6243],[-129.9166,54.6139],[-129.933,54.6121],[-129.9451,54.6026],[-129.9659,54.6084],[-129.9745,54.6021]]]},"properties":{"UID":"S2_NC_716","Category_Simple":"Existing MPA/RCA - 'as-is, where-is'","Area_km2":4.666662485198535,"SUBREGION":"NC","EA_Common_site_name_Site_Profil":"Khutzeymateen Site","Exist_AIWI_Type":"BC MP"}},
{"type":"Feature","geometry":{"type":"Polygon","coordinates":[[[-129.731,53.7192],[-129.7315,53.7164],[-129.7162,53.689],[-129.7171,53.678],[-129.7116,53.6761],[-129.7059,53.6997],[-129.7088,53.7056],[-129.72,53.7093],[-129.731,53.7192]]]},"properties":{"UID":"S2_NC_700","Category_Simple":"Existing MPA/RCA - 'as-is, where-is'","Area_km2":2.918753219026863,"SUBREGION":"NC","EA_Common_site_name_Site_Profil":"Grenville Channel Site","Exist_AIWI_Type":"BC MP"}},
{"type":"Feature","geometry":{"type":"Polygon","coordinates":[[[-130.166,54.7829],[-130.1732,54.7877],[-130.1857,54.7828],[-130.1659,54.7741],[-130.1563,54.7783],[-130.166,54.7829]]]},"properties":{"UID":"S2_NC_717","Category_Simple":"Existing MPA/RCA - 'as-is, where-is'","Area_km2":1.9898687148787144,"SUBREGION":"NC","EA_Common_site_name_Site_Profil":"Khutzeymateen Site","Exist_AIWI_Type":"BC Cons"}},
{"type":"Feature","geometry":{"type":"Polygon","coordinates":[[[-129.7559,55.3003],[-129.7606,55.2969],[-129.7521,55.2895],[-129.743,55.2946],[-129.7559,55.3003]]]},"properties":{"UID":"S2_NC_722","Category_Simple":"Existing MPA/RCA - 'as-is, where-is'","Area_km2":1.3511762728952799,"SUBREGION":"NC","EA_Common_site_name_Site_Profil":"Portland Canal Site","Exist_AIWI_Type":"BC Cons"}},
{"type":"Feature","geometry":{"type":"Polygon","coordinates":[[[-130.2906,54.6632],[-130.2949,54.6624],[-130.2929,54.6605],[-130.2892,54.6614],[-130.2906,54.6632]]]},"properties":{"UID":"S2_NC_721","Category_Simple":"Existing MPA/RCA - 'as-is, where-is'","Area_km2":0.0720248459313161,"SUBREGION":"NC","EA_Common_site_name_Site_Profil":"Khutzeymateen Site","Exist_AIWI_Type":"BC Cons"}},
{"type":"Feature","geometry":{"type":"Polygon","coordinates":[[[-129.7348,55.41],[-129.745,55.3986],[-129.7431,55.3907],[-129.7362,55.3964],[-129.7375,55.4023],[-129.7348,55.41]]]},"properties":{"UID":"S2_NC_723","Category_Simple":"Existing MPA/RCA - 'as-is, where-is'","Area_km2":0.915930772051406,"SUBREGION":"NC","EA_Common_site_name_Site_Profil":"Portland Canal Site","Exist_AIWI_Type":"BC Cons"}},
{"type":"Feature","geometry":{"type":"Polygon","coordinates":[[[-130.4405,54.7594],[-130.4416,54.7612],[-130.4553,54.7554],[-130.4478,54.7559],[-130.4399,54.7576],[-130.4405,54.7594]]]},"properties":{"UID":"S2_NC_718","Category_Simple":"Existing MPA/RCA - 'as-is, where-is'","Area_km2":0.3539710622269292,"SUBREGION":"NC","EA_Common_site_name_Site_Profil":"Khutzeymateen Site","Exist_AIWI_Type":"BC Cons"}},
{"type":"Feature","geometry":{"type":"Polygon","coordinates":[[[-129.8349,53.432],[-129.8501,53.4301],[-129.853,53.4176],[-129.8518,53.4042],[-129.8424,53.3977],[-129.8352,53.3865],[-129.8203,53.3769],[-129.7841,53.3672],[-129.7653,53.3489],[-129.7337,53.3288],[-129.721,53.3225],[-129.7094,53.3226],[-129.7051,53.3166],[-129.673,53.29],[-129.6751,53.2869],[-129.6684,53.276],[-129.6384,53.2547],[-129.6401,53.2509],[-129.6307,53.2398],[-129.6201,53.2411],[-129.6129,53.2379],[-129.6035,53.2175],[-129.5887,53.2102],[-129.5657,53.2091],[-129.5549,53.2125],[-129.564,53.2185],[-129.5871,53.2117],[-129.593,53.2176],[-129.6013,53.2187],[-129.6065,53.2364],[-129.6206,53.2433],[-129.6275,53.2496],[-129.637,53.2517],[-129.6321,53.258],[-129.6452,53.2608],[-129.6415,53.2653],[-129.6484,53.2735],[-129.6616,53.2759],[-129.678,53.2965],[-129.6727,53.2993],[-129.6859,53.3066],[-129.6382,53.3073],[-129.6258,53.3102],[-129.6015,53.3112],[-129.5959,53.3142],[-129.5808,53.3142],[-129.5829,53.3208],[-129.5944,53.3171],[-129.604,53.3202],[-129.6171,53.3141],[-129.6314,53.312],[-129.6402,53.3156],[-129.6668,53.3183],[-129.6656,53.3109],[-129.6996,53.3206],[-129.691,53.3279],[-129.6785,53.3339],[-129.6667,53.3343],[-129.651,53.3316],[-129.6367,53.3359],[-129.6288,53.3463],[-129.6432,53.3646],[-129.6507,53.3634],[-129.6319,53.3458],[-129.6352,53.3409],[-129.6583,53.3334],[-129.6629,53.3395],[-129.7072,53.337],[-129.7051,53.3315],[-129.7182,53.3279],[-129.7323,53.3305],[-129.7631,53.3501],[-129.7607,53.3535],[-129.7746,53.3611],[-129.7791,53.3673],[-129.7709,53.3716],[-129.7682,53.3831],[-129.7765,53.3818],[-129.7839,53.369],[-129.7907,53.3727],[-129.8063,53.375],[-129.82,53.38],[-129.8326,53.3874],[-129.84,53.3994],[-129.839,53.4074],[-129.8295,53.4104],[-129.85,53.4179],[-129.8442,53.4236],[-129.8474,53.4293],[-129.8349,53.432]]]},"properties":{"UID":"S2_NC_317","Category_Simple":"Existing MPA/RCA - 'as-is, where-is'","Area_km2":25.237882824431157,"SUBREGION":"NC","EA_Common_site_name_Site_Profil":"Petrel Channel Site","Exist_AIWI_Type":"BC Cons"}},
{"type":"Feature","geometry":{"type":"Polygon","coordinates":[[[-128.3697,53.5098],[-128.3716,53.5082],[-128.3682,53.5081],[-128.3697,53.5098]]]},"properties":{"UID":"S2_NC_346","Category_Simple":"Existing MPA/RCA - 'as-is, where-is'","Area_km2":0.02141516448118439,"SUBREGION":"NC","EA_Common_site_name_Site_Profil":"Gardner Canal Site","Exist_AIWI_Type":"BC MP"}},
{"type":"Feature","geometry":{"type":"Polygon","coordinates":[[[-128.5551,53.4505],[-128.5601,53.4504],[-128.5637,53.4489],[-128.5681,53.4496],[-128.569,53.4478],[-128.5536,53.449],[-128.5551,53.4505]]]},"properties":{"UID":"S2_NC_347","Category_Simple":"Existing MPA/RCA - 'as-is, where-is'","Area_km2":0.15539323755034387,"SUBREGION":"NC","EA_Common_site_name_Site_Profil":"Gardner Canal Site","Exist_AIWI_Type":"BC Cons"}},
{"type":"Feature","geometry":{"type":"Polygon","coordinates":[[[-129.0649,53.7356],[-129.0791,53.7319],[-129.0848,53.7272],[-129.0641,53.7349],[-129.0649,53.7356]]]},"properties":{"UID":"S2_NC_356","Category_Simple":"Existing MPA/RCA - 'as-is, where-is'","Area_km2":0.7111158894133122,"SUBREGION":"NC","EA_Common_site_name_Site_Profil":"Douglas Channel Site","Exist_AIWI_Type":"BC Cons"}},
{"type":"Feature","geometry":{"type":"Polygon","coordinates":[[[-128.8449,53.7323],[-128.854,53.7313],[-128.8571,53.7202],[-128.8436,53.7273],[-128.8449,53.7323]]]},"properties":{"UID":"S2_NC_357","Category_Simple":"Existing MPA/RCA - 'as-is, where-is'","Area_km2":1.237725851301356,"SUBREGION":"NC","EA_Common_site_name_Site_Profil":"Devastation Channel Site","Exist_AIWI_Type":"BC MP"}},
{"type":"Feature","geometry":{"type":"Polygon","coordinates":[[[-129.9996,54.4908],[-129.9985,54.4936],[-130.0012,54.4944],[-130.0028,54.4892],[-129.9996,54.4908]]]},"properties":{"UID":"S2_NC_713","Category_Simple":"Existing MPA/RCA - 'as-is, where-is'","Area_km2":0.11056069172760642,"SUBREGION":"NC","EA_Common_site_name_Site_Profil":"Khutzeymateen Site","Exist_AIWI_Type":"BC Cons"}},
{"type":"Feature","geometry":{"type":"Polygon","coordinates":[[[-130.6053,54.7813],[-130.62,54.7755],[-130.5999,54.7657],[-130.5965,54.7576],[-130.5809,54.7522],[-130.5867,54.7635],[-130.5903,54.7797],[-130.6053,54.7813]]]},"properties":{"UID":"S2_NC_719","Category_Simple":"Existing MPA/RCA - 'as-is, where-is'","Area_km2":3.2065995666176605,"SUBREGION":"NC","EA_Common_site_name_Site_Profil":"Khutzeymateen Site","Exist_AIWI_Type":"BC Cons"}},
{"type":"Feature","geometry":{"type":"Polygon","coordinates":[[[-128.7882,53.6959],[-128.7903,53.6979],[-128.7892,53.7007],[-128.7924,53.7007],[-128.7912,53.6957],[-128.7882,53.6959]]]},"properties":{"UID":"S2_NC_358","Category_Simple":"Existing MPA/RCA - 'as-is, where-is'","Area_km2":0.12132694396400202,"SUBREGION":"NC","EA_Common_site_name_Site_Profil":"Devastation Channel Site","Exist_AIWI_Type":"BC MP"}},
{"type":"Feature","geometry":{"type":"Polygon","coordinates":[[[-130.429,54.8034],[-130.4334,54.8082],[-130.438,54.8063],[-130.429,54.8034]]]},"properties":{"UID":"S2_NC_720","Category_Simple":"Existing MPA/RCA - 'as-is, where-is'","Area_km2":0.19390727088235563,"SUBREGION":"NC","EA_Common_site_name_Site_Profil":"Khutzeymateen Site","Exist_AIWI_Type":"BC Cons"}},
{"type":"Feature","geometry":{"type":"Polygon","coordinates":[[[-130.3695,54.583],[-130.3757,54.5804],[-130.3654,54.5785],[-130.3639,54.5834],[-130.3695,54.583]]]},"properties":{"UID":"S2_NC_712","Category_Simple":"Existing MPA/RCA - 'as-is, where-is'","Area_km2":0.3087522265082047,"SUBREGION":"NC","EA_Common_site_name_Site_Profil":"Khutzeymateen Site","Exist_AIWI_Type":"BC Cons"}},
{"type":"Feature","geometry":{"type":"Polygon","coordinates":[[[-130.4851,54.3983],[-130.5434,54.3983],[-130.5434,54.3742],[-130.4844,54.3742],[-130.476,54.3754],[-130.4789,54.3833],[-130.4743,54.3901],[-130.4851,54.3983]]]},"properties":{"UID":"S2_NC_709","Category_Simple":"Existing MPA/RCA - 'as-is, where-is'","Area_km2":11.482954455174983,"SUBREGION":"NC","EA_Common_site_name_Site_Profil":"Stephens Island Site","Exist_AIWI_Type":"RCA"}},
{"type":"Feature","geometry":{"type":"Polygon","coordinates":[[[-128.0743,53.3817],[-128.0744,53.3787],[-128.0907,53.3671],[-128.1028,53.3521],[-128.1269,53.3357],[-128.1264,53.33],[-128.1129,53.3277],[-128.0985,53.3373],[-128.0885,53.3465],[-128.068,53.3594],[-128.0454,53.3705],[-128.0743,53.3817]]]},"properties":{"UID":"S2_NC_342","Category_Simple":"Category 2","Area_km2":9.91429488470669,"SUBREGION":"NC","EA_Common_site_name_Site_Profil":"Gardner Canal Site","Exist_AIWI_Type":null}},
{"type":"Feature","geometry":{"type":"Polygon","coordinates":[[[-127.9066,53.2606],[-127.9158,53.2696],[-127.9325,53.2757],[-127.9308,53.2872],[-127.935,53.3007],[-127.9227,53.3171],[-127.9277,53.33],[-127.9462,53.3369],[-127.9572,53.3378],[-127.974,53.3452],[-127.9991,53.3504],[-128.0187,53.3733],[-128.0288,53.3805],[-128.0524,53.3851],[-128.0607,53.3921],[-128.0757,53.3847],[-128.0743,53.3817],[-128.0454,53.3705],[-128.0362,53.3704],[-128.0301,53.36],[-128.0182,53.3525],[-128.0176,53.3473],[-128.0093,53.3407],[-127.9913,53.3384],[-127.9641,53.328],[-127.9491,53.3259],[-127.9419,53.3212],[-127.954,53.3071],[-127.956,53.2955],[-127.9479,53.2855],[-127.9518,53.2816],[-127.9545,53.2676],[-127.9326,53.2589],[-127.9146,53.2482],[-127.9066,53.2606]]]},"properties":{"UID":"S2_NC_341","Category_Simple":"Category 2","Area_km2":27.37721136600815,"SUBREGION":"NC","EA_Common_site_name_Site_Profil":"Gardner Canal Site","Exist_AIWI_Type":null}},
{"type":"Feature","geometry":{"type":"Polygon","coordinates":[[[-128.0461,53.5166],[-128.0614,53.5156],[-128.0767,53.5079],[-128.088,53.4992],[-128.0985,53.5001],[-128.1047,53.4913],[-128.1169,53.4896],[-128.124,53.4927],[-128.1296,53.4866],[-128.1473,53.4779],[-128.1615,53.4773],[-128.1669,53.4696],[-128.1446,53.4629],[-128.1195,53.4587],[-128.1208,53.4664],[-128.1288,53.4688],[-128.1258,53.4753],[-128.1319,53.479],[-128.1173,53.4892],[-128.1062,53.4876],[-128.101,53.4949],[-128.0885,53.4972],[-128.0685,53.5089],[-128.0385,53.5102],[-128.0461,53.5166]]]},"properties":{"UID":"S2_NC_344","Category_Simple":"Category 2","Area_km2":7.873546102013445,"SUBREGION":"NC","EA_Common_site_name_Site_Profil":"Gardner Canal Site","Exist_AIWI_Type":null}},
{"type":"Feature","geometry":{"type":"Polygon","coordinates":[[[-128.6828,53.247],[-128.6874,53.2396],[-128.6763,53.2211],[-128.6737,53.2075],[-128.6666,53.2026],[-128.6557,53.1815],[-128.6895,53.1878],[-128.7035,53.1934],[-128.7211,53.1798],[-128.6981,53.1655],[-128.6685,53.1613],[-128.6561,53.1579],[-128.6377,53.1569],[-128.6314,53.1526],[-128.6065,53.1619],[-128.622,53.1664],[-128.6301,53.1711],[-128.6443,53.1849],[-128.6534,53.2037],[-128.6698,53.2231],[-128.6762,53.2378],[-128.6828,53.247]],[[-128.6951,53.1806],[-128.6537,53.1752],[-128.6623,53.1705],[-128.6861,53.1745],[-128.6951,53.1806]]]},"properties":{"UID":"S2_NC_348","Category_Simple":"Category 2","Area_km2":19.965128377342396,"SUBREGION":"NC","EA_Common_site_name_Site_Profil":"Princess Royal Channel Site","Exist_AIWI_Type":null}},
{"type":"Feature","geometry":{"type":"Polygon","coordinates":[[[-130.7311,54.4195],[-130.7409,54.416],[-130.7536,54.416],[-130.7656,54.413],[-130.7689,54.4267],[-130.7901,54.4256],[-130.8024,54.4437],[-130.8117,54.4399],[-130.8191,54.4298],[-130.8349,54.4259],[-130.8378,54.4251],[-130.9106,54.4053],[-130.9221,54.4008],[-130.97,54.3267],[-130.7889,54.3703],[-130.7831,54.3719],[-130.7922,54.3869],[-130.7701,54.4004],[-130.7406,54.4059],[-130.7307,54.4113],[-130.7197,54.4117],[-130.7238,54.415],[-130.7255,54.4161],[-130.7284,54.4179],[-130.7296,54.4187],[-130.7311,54.4195]],[[-130.7698,54.4218],[-130.7768,54.4168],[-130.7958,54.41],[-130.7944,54.4197],[-130.7698,54.4218]],[[-130.8048,54.3945],[-130.7978,54.3838],[-130.8126,54.3809],[-130.8185,54.3847],[-130.8048,54.3945]]]},"properties":{"UID":"S2_NC_710","Category_Simple":"Existing MPA/RCA - 'as-is, where-is'","Area_km2":78.13571530968274,"SUBREGION":"NC","EA_Common_site_name_Site_Profil":"Caamano Brown Site","Exist_AIWI_Type":"BC Cons and RCA"}},
{"type":"Feature","geometry":{"type":"Polygon","coordinates":[[[-130.3102,54.1829],[-130.3199,54.1795],[-130.3185,54.1747],[-130.3104,54.1776],[-130.3102,54.1829]]]},"properties":{"UID":"S2_NC_704","Category_Simple":"Existing MPA/RCA - 'as-is, where-is'","Area_km2":0.3089503996763064,"SUBREGION":"NC","EA_Common_site_name_Site_Profil":"Porcher Skeena Site","Exist_AIWI_Type":"BC MP"}},
{"type":"Feature","geometry":{"type":"Polygon","coordinates":[[[-130.6224,54.3046],[-130.6445,54.2981],[-130.6458,54.2939],[-130.6327,54.2873],[-130.6089,54.2897],[-130.6039,54.2955],[-130.6224,54.3046]]]},"properties":{"UID":"S2_NC_708","Category_Simple":"Existing MPA/RCA - 'as-is, where-is'","Area_km2":3.0518384325415866,"SUBREGION":"NC","EA_Common_site_name_Site_Profil":"Stephens Island Site","Exist_AIWI_Type":"BC Cons"}},
{"type":"Feature","geometry":{"type":"Polygon","coordinates":[[[-130.3185,53.1666],[-130.1484,53.1667],[-130.1034,53.1667],[-130.2784,53.2683],[-130.37,53.265],[-130.361,53.2062],[-130.3492,53.2031],[-130.3484,53.2029],[-130.3477,53.2027],[-130.3469,53.2025],[-130.3466,53.2024],[-130.3349,53.1994],[-130.3298,53.198],[-130.3185,53.1666]]]},"properties":{"UID":"S2_NC_306","Category_Simple":"Category 1","Area_km2":120.27040077001891,"SUBREGION":"NC","EA_Common_site_name_Site_Profil":"Carlo Range and Hecate Site","Exist_AIWI_Type":""}},
{"type":"Feature","geometry":{"type":"Polygon","coordinates":[[[-129.2935,52.5536],[-129.2938,52.6083],[-129.3635,52.6081],[-129.4403,52.6078],[-129.4392,52.4997],[-129.2931,52.5002],[-129.2935,52.5536]]]},"properties":{"UID":"S2_NC_301","Category_Simple":"Category 1","Area_km2":117.16700519423843,"SUBREGION":"NC","EA_Common_site_name_Site_Profil":"Caamano Sound, Aristazabal, Rennison Site","Exist_AIWI_Type":null}},
{"type":"Feature","geometry":{"type":"Polygon","coordinates":[[[-127.9759,51.9157],[-127.9866,51.909],[-127.9943,51.9007],[-128.0061,51.894],[-128.0138,51.8737],[-128.0179,51.85],[-128.0146,51.8435],[-128.0307,51.8394],[-128.0278,51.833],[-128.0298,51.8243],[-128.0486,51.8257],[-128.0562,51.8133],[-128.0522,51.8037],[-128.0626,51.7938],[-128.0813,51.791],[-128.0888,51.787],[-128.1045,51.7871],[-128.1098,51.7948],[-128.1038,51.7989],[-128.0977,51.8117],[-128.1145,51.8112],[-128.1282,51.8065],[-128.134,51.8125],[-128.1133,51.8275],[-128.1126,51.8342],[-128.1198,51.8362],[-128.1154,51.8518],[-128.1164,51.8582],[-128.108,51.876],[-128.1127,51.8798],[-128.0881,51.9046],[-128.0913,51.9129],[-128.0871,51.9233],[-128.0785,51.9293],[-128.0702,51.9272],[-128.064,51.9322],[-128.0552,51.9273],[-128.0343,51.9389],[-128.0298,51.9457],[-128.0363,51.949],[-128.0494,51.9404],[-128.051,51.933],[-128.074,51.934],[-128.0742,51.947],[-128.0991,51.9506],[-128.107,51.9583],[-128.1157,51.9588],[-128.1268,51.9514],[-128.1252,51.9433],[-128.113,51.9468],[-128.1103,51.9377],[-128.098,51.9336],[-128.1012,51.9228],[-128.0937,51.9023],[-128.1086,51.8911],[-128.1199,51.876],[-128.1319,51.8768],[-128.1426,51.8718],[-128.1535,51.8764],[-128.1636,51.87],[-128.1622,51.8523],[-128.1688,51.8462],[-128.176,51.8539],[-128.1725,51.8574],[-128.1857,51.863],[-128.1934,51.861],[-128.2032,51.8602],[-128.2107,51.8661],[-128.2169,51.8609],[-128.2314,51.862],[-128.2286,51.8575],[-128.2171,51.8575],[-128.2142,51.8581],[-128.2067,51.8605],[-128.2026,51.8599],[-128.1946,51.86],[-128.1856,51.8612],[-128.1814,51.8601],[-128.1828,51.8452],[-128.1761,51.8426],[-128.1802,51.8256],[-128.1804,51.8247],[-128.1863,51.8077],[-128.2025,51.797],[-128.2036,51.7969],[-128.2042,51.7968],[-128.2045,51.7967],[-128.2047,51.7967],[-128.2053,51.7966],[-128.2097,51.7936],[-128.2097,51.7934],[-128.2123,51.7925],[-128.2301,51.7996],[-128.2335,51.7955],[-128.2554,51.7924],[-128.2775,51.792],[-128.1682,51.5899],[-128.1675,51.597],[-128.1491,51.597],[-128.15,51.6097],[-128.1661,51.6127],[-128.1713,51.6241],[-128.1728,51.6406],[-128.1759,51.6496],[-128.1663,51.6695],[-128.1483,51.6711],[-128.1479,51.6711],[-128.1365,51.6713],[-128.1249,51.6679],[-128.1169,51.6677],[-128.1143,51.6804],[-128.0993,51.6882],[-128.0932,51.6885],[-128.0913,51.6788],[-128.0978,51.6572],[-128.0844,51.658],[-128.0846,51.658],[-128.0809,51.6626],[-128.0833,51.6715],[-128.0774,51.6773],[-128.0782,51.6891],[-128.068,51.6908],[-128.0654,51.7043],[-128.0594,51.7113],[-128.0515,51.7056],[-128.0411,51.7091],[-128.0436,51.7151],[-128.0263,51.7197],[-128.0199,51.7264],[-127.994,51.7278],[-127.9885,51.718],[-127.9886,51.7086],[-127.9838,51.7034],[-127.9809,51.6863],[-127.9692,51.673],[-127.9639,51.67],[-127.9615,51.6561],[-127.9451,51.662],[-127.9708,51.7],[-128.0015,51.8167],[-128,51.8833],[-127.9512,51.9333],[-127.95,51.9843],[-127.9554,51.9782],[-127.9546,51.9691],[-127.9617,51.9523],[-127.9578,51.9522],[-127.9713,51.9156],[-127.9735,51.9157],[-127.9758,51.9157],[-127.9759,51.9157]],[[-128.0061,51.7991],[-128.0003,51.7818],[-128.0021,51.7714],[-128.0092,51.7551],[-128.025,51.7472],[-128.0365,51.7525],[-128.0478,51.746],[-128.0581,51.7599],[-128.0535,51.7709],[-128.0404,51.7831],[-128.026,51.7879],[-128.0181,51.7874],[-128.0061,51.7991]],[[-128.1146,51.7395],[-128.1239,51.7387],[-128.1293,51.7436],[-128.1282,51.7593],[-128.1175,51.7673],[-128.1152,51.7744],[-128.1182,51.7821],[-128.0871,51.7858],[-128.0769,51.7827],[-128.0799,51.7629],[-128.0851,51.7564],[-128.0858,51.7483],[-128.1146,51.7395]],[[-128.0531,51.7856],[-128.0522,51.7752],[-128.0628,51.7656],[-128.0646,51.7571],[-128.0716,51.7557],[-128.0692,51.7831],[-128.0531,51.7856]],[[-128.0746,51.7018],[-128.0701,51.6998],[-128.081,51.6911],[-128.0909,51.6927],[-128.0865,51.6993],[-128.0746,51.7018]]]},"properties":{"UID":"S2_CC_120","Category_Simple":"Existing MPA/RCA - 'as-is, where-is'","Area_km2":278.8890557364491,"SUBREGION":"CC","EA_Common_site_name_Site_Profil":"Hakai Site","Exist_AIWI_Type":"BC Cons"}},
{"type":"Feature","geometry":{"type":"Polygon","coordinates":[[[-128.3903,52.8178],[-128.3895,52.8315],[-128.3964,52.8328],[-128.4013,52.8252],[-128.4122,52.8206],[-128.3903,52.8178]]]},"properties":{"UID":"S2_CC_202","Category_Simple":"Existing MPA/RCA - 'as-is, where-is'","Area_km2":1.5191431174221415,"SUBREGION":"CC","EA_Common_site_name_Site_Profil":"Green Inlet Site","Exist_AIWI_Type":"BC Cons"}},
{"type":"Feature","geometry":{"type":"Polygon","coordinates":[[[-128.1304,52.7684],[-128.1565,52.7613],[-128.162,52.7465],[-128.1731,52.7281],[-128.1355,52.7271],[-128.1278,52.7408],[-128.1141,52.7588],[-128.1304,52.7684]]]},"properties":{"UID":"S2_CC_210","Category_Simple":"Existing MPA/RCA - 'as-is, where-is'","Area_km2":11.115922966642632,"SUBREGION":"CC","EA_Common_site_name_Site_Profil":"Kynoch Inlet Site","Exist_AIWI_Type":"BC Cons"}},
{"type":"Feature","geometry":{"type":"Polygon","coordinates":[[[-128.3996,52.7777],[-128.3951,52.7739],[-128.3897,52.7754],[-128.3996,52.7777]]]},"properties":{"UID":"S2_CC_200","Category_Simple":"Existing MPA/RCA - 'as-is, where-is'","Area_km2":0.21115024834299084,"SUBREGION":"CC","EA_Common_site_name_Site_Profil":"Green Inlet Site","Exist_AIWI_Type":"BC Cons"}},
{"type":"Feature","geometry":{"type":"Polygon","coordinates":[[[-131.5086,54.232],[-131.5039,54.1892],[-131.406,54.1493],[-131.3606,54.1316],[-131.2336,54.1382],[-131.2359,54.178],[-131.2652,54.3166],[-131.5194,54.3053],[-131.5115,54.2484],[-131.5086,54.232]]]},"properties":{"UID":"S2_HG_439","Category_Simple":"Category 2","Area_km2":310.07223026266354,"SUBREGION":"HG","EA_Common_site_name_Site_Profil":"New ENGO Sandlance Hecate North","Exist_AIWI_Type":null}},
{"type":"Feature","geometry":{"type":"Polygon","coordinates":[[[-133.2972,53.9423],[-134.0812,53.893],[-134.0778,53.8823],[-134.0637,53.8724],[-134.0434,53.8677],[-134.0281,53.868],[-134.0012,53.8732],[-133.9888,53.8704],[-133.9687,53.8527],[-133.9384,53.8346],[-133.9184,53.8169],[-133.9062,53.7948],[-133.8737,53.7749],[-133.8523,53.7529],[-133.8327,53.7401],[-133.8265,53.7337],[-133.1605,53.7779],[-133.1617,53.7789],[-133.1623,53.7795],[-133.1667,53.7833],[-133.2914,53.9371],[-133.2972,53.9423]]]},"properties":{"UID":"S2_HG_502","Category_Simple":"Category 1","Area_km2":901.0573155644672,"SUBREGION":"HG","EA_Common_site_name_Site_Profil":"Offshore Continental Slope North","Exist_AIWI_Type":null}},
{"type":"Feature","geometry":{"type":"Polygon","coordinates":[[[-132.3704,53.133],[-132.3553,53.131],[-132.3551,53.1389],[-132.3579,53.1381],[-132.3704,53.133]]]},"properties":{"UID":"S2_HG_489","Category_Simple":"Category 1","Area_km2":0.67320782227045,"SUBREGION":"HG","EA_Common_site_name_Site_Profil":"Skidegate Inlet Site","Exist_AIWI_Type":null}},
{"type":"Feature","geometry":{"type":"MultiPolygon","coordinates":[[[[-131.1392,52.1888],[-131.1389,52.1741],[-131.1454,52.1687],[-131.1396,52.1515],[-131.1491,52.1313],[-131.155,52.1264],[-131.1639,52.1274],[-131.1835,52.1183],[-131.2081,52.1378],[-131.2091,52.1536],[-131.2185,52.1552],[-131.2101,52.1658],[-131.2206,52.1835],[-131.2382,52.1975],[-131.2428,52.2041],[-131.2611,52.1974],[-131.2465,52.181],[-131.2451,52.1741],[-131.2325,52.1579],[-131.2426,52.1517],[-131.2451,52.1459],[-131.2396,52.134],[-131.2325,52.1284],[-131.2385,52.124],[-131.238,52.1239],[-131.2375,52.1238],[-131.1717,52.1078],[-131.168,52.1065],[-131.1565,52.1003],[-131.1548,52.0981],[-131.1535,52.0968],[-131.1517,52.0964],[-131.1516,52.0965],[-131.1465,52.0957],[-131.145,52.0952],[-131.145,52.0951],[-131.1446,52.0952],[-131.1404,52.0912],[-131.1317,52.0781],[-131.131,52.0771],[-131.1287,52.0736],[-131.113,52.0785],[-131.1132,52.0899],[-131.1242,52.0986],[-131.1324,52.1002],[-131.1317,52.1191],[-131.1254,52.1213],[-131.124,52.1387],[-131.1173,52.1506],[-131.1033,52.1541],[-131.0876,52.1478],[-131.0774,52.1528],[-131.0526,52.1497],[-131.0468,52.1438],[-131.0494,52.1391],[-131.0318,52.1286],[-131.0508,52.127],[-131.0467,52.1183],[-131.0345,52.1189],[-131.0175,52.1138],[-131.0142,52.1044],[-131.0036,52.1056],[-130.9968,52.1025],[-130.9799,52.1072],[-130.9762,52.1002],[-130.964,52.0954],[-130.9567,52.1038],[-130.9394,52.0956],[-130.8253,52.1704],[-130.8184,52.2079],[-131.0332,52.171],[-131.0332,52.1711],[-131.0333,52.171],[-131.0452,52.1633],[-131.0596,52.1665],[-131.0688,52.1619],[-131.0762,52.1678],[-131.0855,52.1661],[-131.1044,52.168],[-131.1165,52.1639],[-131.119,52.1715],[-131.1187,52.1888],[-131.1391,52.1888],[-131.1392,52.1888]]],[[[-130.9401,52.0773],[-130.9508,52.0764],[-130.9542,52.0715],[-130.9681,52.067],[-130.9791,52.0683],[-130.9815,52.0632],[-130.9951,52.0585],[-131.0107,52.0674],[-131.0215,52.0693],[-131.0289,52.0638],[-131.0261,52.0559],[-131.0345,52.0528],[-131.0514,52.0655],[-131.0545,52.0724],[-131.0633,52.0795],[-131.0726,52.0762],[-131.0727,52.0631],[-131.0603,52.0501],[-131.0545,52.0378],[-131.032,52.0336],[-131.0191,52.0279],[-130.9942,52.0201],[-130.9932,52.0165],[-130.9771,52.0111],[-130.9965,52.0057],[-130.8868,51.836],[-130.8486,52.0439],[-130.9382,52.0757],[-130.9383,52.0757],[-130.9392,52.0764],[-130.9401,52.0773]]],[[[-130.9177,52.2956],[-131.0145,52.3805],[-131.3058,52.3021],[-131.2998,52.2862],[-131.287,52.2816],[-131.2739,52.2706],[-131.2603,52.2623],[-131.2374,52.2685],[-131.2513,52.2735],[-131.2645,52.2846],[-131.2549,52.2947],[-131.2572,52.2976],[-131.2447,52.3041],[-131.235,52.3035],[-131.2254,52.2934],[-131.2183,52.3017],[-131.224,52.3054],[-131.2159,52.3125],[-131.1967,52.3154],[-131.1831,52.3207],[-131.1744,52.3214],[-131.1405,52.3161],[-131.1377,52.3136],[-131.1651,52.2974],[-131.1582,52.2935],[-131.145,52.3076],[-131.1378,52.3057],[-131.1349,52.2942],[-131.1445,52.2821],[-131.1295,52.2801],[-131.1065,52.2888],[-131.0954,52.2896],[-131.0862,52.2802],[-131.0839,52.2657],[-131.0946,52.2591],[-131.0862,52.2466],[-131.1004,52.2452],[-131.1429,52.2446],[-131.1578,52.2415],[-131.1731,52.2326],[-131.1838,52.2315],[-131.1771,52.2239],[-131.1619,52.2267],[-131.142,52.2333],[-131.1246,52.2266],[-131.1165,52.2178],[-131.1068,52.2187],[-131.0977,52.2257],[-131.0774,52.2185],[-131.0679,52.2181],[-131.0458,52.222],[-131.0384,52.2296],[-131.0301,52.2323],[-131.0207,52.2294],[-131.0131,52.2205],[-131.013,52.2205],[-131.0128,52.2207],[-131.0127,52.2207],[-131.0127,52.2208],[-130.9177,52.2956]]],[[[-131.0745,52.433],[-131.0903,52.4467],[-131.216,52.6446],[-131.3708,52.5851],[-131.3708,52.5852],[-131.3709,52.5851],[-131.3716,52.5822],[-131.3494,52.5686],[-131.3496,52.5543],[-131.3735,52.5436],[-131.3894,52.5431],[-131.3982,52.5489],[-131.4216,52.5506],[-131.44,52.5584],[-131.4398,52.5635],[-131.5059,52.525],[-131.5491,52.5401],[-131.551,52.5406],[-131.5746,52.5369],[-131.5699,52.534],[-131.5398,52.5282],[-131.5387,52.5241],[-131.5505,52.5189],[-131.5442,52.5115],[-131.5637,52.5058],[-131.5538,52.5002],[-131.5388,52.5122],[-131.5219,52.5162],[-131.504,52.5171],[-131.4989,52.5085],[-131.4786,52.5062],[-131.4669,52.5004],[-131.4016,52.4849],[-131.3994,52.4841],[-131.3627,52.4677],[-131.3626,52.4676],[-131.3542,52.461],[-131.3669,52.4466],[-131.3617,52.4418],[-131.3655,52.4322],[-131.3738,52.4239],[-131.3753,52.4243],[-131.4012,52.4296],[-131.4012,52.4297],[-131.4017,52.4298],[-131.4222,52.434],[-131.4223,52.434],[-131.4223,52.4339],[-131.4287,52.4262],[-131.43,52.4155],[-131.4266,52.408],[-131.4366,52.4049],[-131.4457,52.397],[-131.4491,52.3889],[-131.4418,52.3808],[-131.4269,52.3964],[-131.4212,52.3963],[-131.4101,52.4057],[-131.3923,52.3992],[-131.3907,52.3843],[-131.382,52.3847],[-131.371,52.3858],[-131.3556,52.3879],[-131.3586,52.3964],[-131.3681,52.4061],[-131.3633,52.4168],[-131.3559,52.42],[-131.356,52.426],[-131.3396,52.4267],[-131.3268,52.4363],[-131.3139,52.4375],[-131.2975,52.4458],[-131.2844,52.4492],[-131.2639,52.4491],[-131.24,52.445],[-131.2359,52.442],[-131.0745,52.433]]],[[[-131.5977,52.389],[-131.6016,52.3915],[-131.7299,52.3179],[-131.3019,52],[-131.1297,51.9157],[-131.0565,51.9614],[-131.0662,51.9648],[-131.0862,51.98],[-131.0901,51.9945],[-131.1025,51.9983],[-131.1084,52.0033],[-131.0953,52.006],[-131.0779,52.0166],[-131.0824,52.0217],[-131.081,52.0307],[-131.1035,52.0392],[-131.1019,52.0435],[-131.1081,52.0521],[-131.1139,52.0535],[-131.1105,52.0689],[-131.1202,52.0662],[-131.1287,52.0728],[-131.1288,52.0727],[-131.1292,52.0727],[-131.24,52.0529],[-131.2986,52.0971],[-131.264,52.1202],[-131.2731,52.1307],[-131.2726,52.137],[-131.2856,52.1489],[-131.3012,52.1443],[-131.3042,52.1535],[-131.2958,52.1578],[-131.3046,52.1642],[-131.3038,52.1709],[-131.3276,52.1825],[-131.3279,52.1968],[-131.3416,52.1974],[-131.3497,52.2069],[-131.3498,52.2124],[-131.3416,52.2178],[-131.3559,52.2281],[-131.3589,52.2373],[-131.3706,52.2409],[-131.3604,52.2209],[-131.3649,52.217],[-131.3598,52.2032],[-131.3629,52.1993],[-131.3585,52.1913],[-131.3716,52.1923],[-131.3742,52.1969],[-131.3906,52.1961],[-131.3968,52.2049],[-131.4097,52.2131],[-131.4163,52.213],[-131.4303,52.2266],[-131.431,52.2321],[-131.4393,52.2411],[-131.4477,52.2611],[-131.4722,52.278],[-131.4819,52.275],[-131.4924,52.2888],[-131.5015,52.288],[-131.5153,52.3022],[-131.5095,52.3192],[-131.5203,52.3224],[-131.5296,52.3174],[-131.5464,52.322],[-131.5583,52.3294],[-131.5395,52.3375],[-131.5307,52.3481],[-131.5584,52.3504],[-131.5753,52.3439],[-131.5829,52.3592],[-131.5764,52.3624],[-131.5849,52.3708],[-131.5917,52.3719],[-131.6006,52.3811],[-131.5966,52.3885],[-131.5977,52.389]]],[[[-131.2414,52.6845],[-131.3376,52.8345],[-131.368,52.8322],[-131.484,52.8234],[-131.4808,52.8025],[-131.5673,52.7483],[-131.5688,52.7519],[-131.5931,52.7536],[-131.6129,52.75],[-131.64,52.7492],[-131.6473,52.7512],[-131.6905,52.7506],[-131.711,52.7457],[-131.7297,52.7536],[-131.7508,52.77],[-131.747,52.7723],[-131.7196,52.7718],[-131.7073,52.7686],[-131.6928,52.7682],[-131.6842,52.7738],[-131.6708,52.7739],[-131.648,52.7788],[-131.6506,52.7847],[-131.6509,52.7853],[-131.6509,52.7852],[-131.6562,52.7973],[-131.6836,52.7924],[-131.7016,52.7845],[-131.7334,52.7886],[-131.7586,52.7879],[-131.7719,52.7819],[-131.7763,52.7769],[-131.7904,52.7742],[-131.7926,52.7622],[-131.7993,52.7561],[-131.8078,52.7563],[-131.8168,52.766],[-131.8286,52.7682],[-131.8258,52.7599],[-131.8033,52.7426],[-131.8322,52.7196],[-131.8273,52.7148],[-131.8168,52.7133],[-131.8158,52.7054],[-131.8067,52.7039],[-131.8064,52.7168],[-131.7796,52.7114],[-131.7673,52.7061],[-131.7636,52.6992],[-131.7515,52.6935],[-131.744,52.6939],[-131.7339,52.6845],[-131.7235,52.6615],[-131.715,52.6577],[-131.7116,52.6464],[-131.6985,52.6391],[-131.6916,52.6285],[-131.6924,52.6195],[-131.7207,52.6249],[-131.741,52.6325],[-131.7632,52.6373],[-131.7535,52.6289],[-131.7159,52.6165],[-131.7103,52.616],[-131.6959,52.605],[-131.6867,52.6044],[-131.6771,52.595],[-131.6827,52.5885],[-131.6749,52.5808],[-131.6585,52.5794],[-131.6509,52.5725],[-131.6391,52.5772],[-131.6298,52.5756],[-131.6184,52.5673],[-131.6194,52.562],[-131.6335,52.5585],[-131.6314,52.5498],[-131.6315,52.5497],[-131.6314,52.5497],[-131.6311,52.5497],[-131.6289,52.5492],[-131.6288,52.5493],[-131.5565,52.569],[-131.5515,52.5725],[-131.5482,52.5755],[-131.5482,52.5762],[-131.5482,52.5774],[-131.5483,52.5774],[-131.5483,52.5776],[-131.5481,52.5959],[-131.5523,52.5949],[-131.5622,52.5948],[-131.5662,52.5929],[-131.5769,52.5992],[-131.5771,52.5897],[-131.5809,52.5806],[-131.5904,52.5806],[-131.6103,52.5855],[-131.6173,52.5906],[-131.6259,52.6031],[-131.6468,52.6217],[-131.6897,52.6418],[-131.7014,52.653],[-131.7087,52.6656],[-131.7055,52.6676],[-131.7055,52.6675],[-131.6897,52.6729],[-131.6889,52.6731],[-131.6889,52.6732],[-131.6851,52.6744],[-131.7194,52.6979],[-131.7299,52.7076],[-131.7124,52.7183],[-131.7048,52.7192],[-131.6923,52.7326],[-131.6795,52.7338],[-131.6628,52.7322],[-131.655,52.729],[-131.636,52.7291],[-131.6277,52.7256],[-131.6097,52.7298],[-131.5936,52.7268],[-131.5789,52.7268],[-131.578,52.7147],[-131.6101,52.7151],[-131.616,52.7171],[-131.6445,52.7152],[-131.6656,52.7155],[-131.679,52.7135],[-131.6799,52.7072],[-131.6646,52.7051],[-131.6359,52.7076],[-131.6307,52.7007],[-131.6466,52.6929],[-131.6392,52.6878],[-131.623,52.6895],[-131.6046,52.7035],[-131.5903,52.7068],[-131.5821,52.7008],[-131.5695,52.6993],[-131.5612,52.6857],[-131.5507,52.6853],[-131.555,52.7005],[-131.5351,52.719],[-131.5312,52.7251],[-131.5131,52.7325],[-131.5022,52.7336],[-131.4883,52.7385],[-131.4796,52.729],[-131.4673,52.7203],[-131.453,52.7165],[-131.4425,52.7083],[-131.4423,52.7013],[-131.4423,52.7012],[-131.2414,52.6845]]],[[[-131.2559,52.3935],[-131.2642,52.4086],[-131.272,52.403],[-131.2895,52.3971],[-131.3016,52.3865],[-131.3042,52.3794],[-131.2948,52.3752],[-131.2884,52.38],[-131.2763,52.3773],[-131.2829,52.371],[-131.2828,52.3641],[-131.2447,52.373],[-131.2548,52.3916],[-131.2549,52.3916],[-131.2559,52.3935]]],[[[-131.2449,52.3719],[-131.2603,52.3633],[-131.2651,52.3569],[-131.2595,52.3492],[-131.2594,52.3493],[-131.2593,52.3496],[-131.2593,52.3495],[-131.2448,52.3719],[-131.2449,52.3719]]],[[[-131.4267,52.5686],[-131.4094,52.5664],[-131.3895,52.573],[-131.3828,52.5827],[-131.4267,52.5686]]],[[[-131.4662,52.4745],[-131.4678,52.4999],[-131.4678,52.5],[-131.4679,52.4999],[-131.4793,52.4959],[-131.4812,52.4842],[-131.4722,52.4776],[-131.5006,52.4725],[-131.4922,52.4684],[-131.4662,52.4745]]],[[[-131.9398,52.6363],[-131.9339,52.642],[-131.9145,52.6503],[-131.9045,52.6481],[-131.8832,52.6544],[-131.9139,52.6574],[-131.9399,52.6495],[-131.9455,52.652],[-131.9442,52.6624],[-131.9546,52.663],[-131.9533,52.6503],[-131.9682,52.6472],[-131.9953,52.6604],[-132.001,52.6677],[-132.011,52.6696],[-132.0303,52.678],[-132.025,52.6837],[-132.0486,52.687],[-132.0618,52.6983],[-132.0699,52.7011],[-132.0716,52.7088],[-132.086,52.7157],[-132.1059,52.7304],[-132.1084,52.7344],[-132.1117,52.7327],[-132.2211,52.6767],[-132.2,52.66],[-132.1657,52.6352],[-131.9398,52.6363]]]]},"properties":{"UID":"S2_HG_840","Category_Simple":"Existing MPA/RCA - 'as-is, where-is'","Area_km2":2045.3268652990587,"SUBREGION":"HG","EA_Common_site_name_Site_Profil":"Gwaii Haanas Site","Exist_AIWI_Type":"NMCAR Gwaii Haanas"}},
{"type":"Feature","geometry":{"type":"Polygon","coordinates":[[[-129.7062,51.9276],[-129.7343,51.8835],[-129.7061,51.878],[-129.7062,51.9276]]]},"properties":{"UID":"S2_HG_832","Category_Simple":"Existing MPA/RCA - 'as-is, where-is'","Area_km2":5.3501353109995575,"SUBREGION":"HG","EA_Common_site_name_Site_Profil":"Hecate Sponge Reef Site","Exist_AIWI_Type":"OA MPA Gls Spng Rf"}},
{"type":"Feature","geometry":{"type":"Polygon","coordinates":[[[-132.6749,53.6681],[-132.681,53.6644],[-132.6747,53.6604],[-132.6688,53.6645],[-132.6749,53.6681]]]},"properties":{"UID":"S2_HG_404","Category_Simple":"Category 1","Area_km2":0.8824404495482235,"SUBREGION":"HG","EA_Common_site_name_Site_Profil":"Masset Inlet Site","Exist_AIWI_Type":null}},
{"type":"Feature","geometry":{"type":"Polygon","coordinates":[[[-131.6743,54.1539],[-131.6843,54.1592],[-131.7096,54.1344],[-131.7338,54.116],[-131.8018,54.1022],[-131.8385,54.0901],[-131.8924,54.0828],[-131.9479,54.0686],[-132.0275,54.0765],[-132.0572,54.086],[-132.0861,54.0888],[-132.1346,54.1052],[-132.2166,54.1017],[-132.2153,54.0573],[-132.1977,54.0498],[-132.194,54.052],[-132.188,54.0597],[-132.1405,54.0421],[-132.1409,54.0352],[-132.1152,54.0313],[-132.057,54.0325],[-132.0494,54.0301],[-132.0026,54.0285],[-131.955,54.0356],[-131.8938,54.0492],[-131.8672,54.0586],[-131.8393,54.0712],[-131.8221,54.0709],[-131.7952,54.0802],[-131.7899,54.0765],[-131.7642,54.0869],[-131.7294,54.1049],[-131.7117,54.1179],[-131.6744,54.1538],[-131.6743,54.1539]]]},"properties":{"UID":"S2_HG_445","Category_Simple":"Category 1","Area_km2":147.49186454217573,"SUBREGION":"HG","EA_Common_site_name_Site_Profil":"McIntyre Site","Exist_AIWI_Type":null}},
{"type":"Feature","geometry":{"type":"Polygon","coordinates":[[[-132.2208,53.6717],[-132.2176,53.6562],[-132.2001,53.6588],[-132.2013,53.6677],[-132.1891,53.6811],[-132.2109,53.6778],[-132.2208,53.6717]]]},"properties":{"UID":"S2_HG_410","Category_Simple":"Category 1","Area_km2":3.623493521727059,"SUBREGION":"HG","EA_Common_site_name_Site_Profil":"Masset Inlet Site","Exist_AIWI_Type":null}},
{"type":"Feature","geometry":{"type":"Polygon","coordinates":[[[-131.8672,54.0586],[-131.8671,54.0565],[-131.8392,54.0679],[-131.8393,54.0712],[-131.8672,54.0586]]]},"properties":{"UID":"S2_HG_443","Category_Simple":"Category 1","Area_km2":0.6993193663153933,"SUBREGION":"HG","EA_Common_site_name_Site_Profil":"McIntyre Site","Exist_AIWI_Type":null}},
{"type":"Feature","geometry":{"type":"Polygon","coordinates":[[[-132.194,54.052],[-132.1666,54.0406],[-132.1409,54.0352],[-132.1405,54.0421],[-132.188,54.0597],[-132.194,54.052]]]},"properties":{"UID":"S2_HG_444","Category_Simple":"Category 1","Area_km2":3.559091375324855,"SUBREGION":"HG","EA_Common_site_name_Site_Profil":"McIntyre Site","Exist_AIWI_Type":null}},
{"type":"Feature","geometry":{"type":"Polygon","coordinates":[[[-132.9958,53.5464],[-133.004,53.549],[-133.01,53.5479],[-133.0122,53.5421],[-132.9978,53.5397],[-132.9974,53.5399],[-132.9919,53.5346],[-132.9908,53.5344],[-132.9889,53.5339],[-132.9904,53.5332],[-132.9906,53.5271],[-132.9866,53.5261],[-132.9863,53.525],[-132.9863,53.5246],[-132.9841,53.5217],[-132.9786,53.5201],[-132.9732,53.5221],[-132.9729,53.5221],[-132.9541,53.5235],[-132.9524,53.5264],[-132.9542,53.5361],[-132.9953,53.5465],[-132.9958,53.5464]]]},"properties":{"UID":"S2_HG_477","Category_Simple":"Category 1","Area_km2":1.7914484857482993,"SUBREGION":"HG","EA_Common_site_name_Site_Profil":"Beresford Hippa Site","Exist_AIWI_Type":null}},
{"type":"Feature","geometry":{"type":"Polygon","coordinates":[[[-131.368,52.8322],[-131.4006,52.8599],[-131.3644,52.8886],[-131.4193,52.996],[-131.6183,53.1418],[-131.6581,53.1631],[-131.7133,53.1707],[-131.7086,53.1487],[-131.7109,53.1411],[-131.7021,53.1335],[-131.7058,53.125],[-131.7014,53.1189],[-131.6878,53.1099],[-131.6671,53.1079],[-131.6602,53.1124],[-131.6458,53.1093],[-131.6385,53.0961],[-131.6442,53.0838],[-131.6355,53.0716],[-131.6338,53.0649],[-131.6248,53.0583],[-131.6256,53.0516],[-131.6212,53.0441],[-131.6138,53.0457],[-131.6027,53.0394],[-131.6035,53.0336],[-131.6109,53.0268],[-131.6522,53.0294],[-131.6581,53.032],[-131.6565,53.0407],[-131.6919,53.0396],[-131.7203,53.0452],[-131.7385,53.0468],[-131.7434,53.0508],[-131.7594,53.0497],[-131.7812,53.0285],[-131.7668,53.0146],[-131.7544,53.0098],[-131.7177,53.0077],[-131.7095,53.0055],[-131.6962,53.0305],[-131.6795,53.0321],[-131.6387,53.0117],[-131.6514,52.9956],[-131.6425,52.9891],[-131.6342,52.9874],[-131.6205,52.9793],[-131.5651,52.9655],[-131.5499,52.9539],[-131.5294,52.9062],[-131.4743,52.87],[-131.5263,52.8581],[-131.5491,52.8692],[-131.6213,52.9],[-131.631,52.9044],[-131.6484,52.9061],[-131.6549,52.9015],[-131.6585,52.8895],[-131.6848,52.8809],[-131.7,52.8731],[-131.6759,52.8411],[-131.6492,52.839],[-131.6452,52.8327],[-131.6632,52.8299],[-131.6712,52.8069],[-131.6569,52.8101],[-131.484,52.8234],[-131.368,52.8322]]]},"properties":{"UID":"S2_HG_430","Category_Simple":"Category 1","Area_km2":454.57263209181565,"SUBREGION":"HG","EA_Common_site_name_Site_Profil":"Five Mile to Gwaii Haanas Site","Exist_AIWI_Type":null}},
{"type":"Feature","geometry":{"type":"Polygon","coordinates":[[[-132.5244,53.0595],[-132.5154,53.0693],[-132.5463,53.0677],[-132.5244,53.0595]]]},"properties":{"UID":"S2_HG_488","Category_Simple":"Category 1","Area_km2":1.4244538897148216,"SUBREGION":"HG","EA_Common_site_name_Site_Profil":"Rennell to Kitgoro Site","Exist_AIWI_Type":null}},
{"type":"Feature","geometry":{"type":"Polygon","coordinates":[[[-132.3458,53.6824],[-132.3541,53.6752],[-132.3615,53.6633],[-132.3809,53.657],[-132.3443,53.6532],[-132.3462,53.6643],[-132.3424,53.6713],[-132.3325,53.6703],[-132.3184,53.6763],[-132.3458,53.6824]]]},"properties":{"UID":"S2_HG_401","Category_Simple":"Category 1","Area_km2":4.970522765857904,"SUBREGION":"HG","EA_Common_site_name_Site_Profil":"Masset Inlet Site","Exist_AIWI_Type":null}},
{"type":"Feature","geometry":{"type":"Polygon","coordinates":[[[-132.6017,53.6413],[-132.6099,53.6379],[-132.6011,53.6347],[-132.5947,53.6397],[-132.6017,53.6413]]]},"properties":{"UID":"S2_HG_403","Category_Simple":"Category 1","Area_km2":0.42343259741811706,"SUBREGION":"HG","EA_Common_site_name_Site_Profil":"Masset Inlet Site","Exist_AIWI_Type":null}},
{"type":"Feature","geometry":{"type":"Polygon","coordinates":[[[-132.9441,53.6955],[-132.9442,53.6954],[-132.9345,53.693],[-132.9305,53.7023],[-132.9441,53.6955]]]},"properties":{"UID":"S2_HG_474","Category_Simple":"Category 1","Area_km2":0.6833065686288262,"SUBREGION":"HG","EA_Common_site_name_Site_Profil":"Beresford Hippa Site","Exist_AIWI_Type":null}},
{"type":"Feature","geometry":{"type":"Polygon","coordinates":[[[-132.4854,53.5689],[-132.4828,53.5642],[-132.4823,53.5647],[-132.4821,53.5666],[-132.4854,53.569],[-132.4854,53.5689]]]},"properties":{"UID":"S2_HG_415","Category_Simple":"Category 1","Area_km2":0.07769929291932445,"SUBREGION":"HG","EA_Common_site_name_Site_Profil":"Masset Inlet Site","Exist_AIWI_Type":null}},
{"type":"Feature","geometry":{"type":"Polygon","coordinates":[[[-129.9923,51.1185],[-130.1406,51.1012],[-130.127,51.0284],[-130.1093,51.0269],[-130.1017,51.0225],[-129.9923,51.1185]]]},"properties":{"UID":"S2_HG_826","Category_Simple":"Existing MPA/RCA - 'as-is, where-is'","Area_km2":54.521339346250834,"SUBREGION":"HG","EA_Common_site_name_Site_Profil":"Scott Islands Site","Exist_AIWI_Type":"mNWA Scott Isl"}},
{"type":"Feature","geometry":{"type":"Polygon","coordinates":[[[-133.1605,53.7779],[-133.1515,53.7785],[-133.119,53.7803],[-133.1182,53.7864],[-133.1283,53.7979],[-133.1135,53.8118],[-133.1005,53.8169],[-133.0842,53.8203],[-133.0814,53.8258],[-133.0948,53.8294],[-133.1006,53.8351],[-133.1104,53.8364],[-133.1165,53.846],[-133.1143,53.8534],[-133.1222,53.8571],[-133.1221,53.8646],[-133.1377,53.8639],[-133.1374,53.8695],[-133.1488,53.8867],[-133.1517,53.8946],[-133.1463,53.8991],[-133.1543,53.9148],[-133.1495,53.9188],[-133.1309,53.9242],[-133.1239,53.9299],[-133.1362,53.9367],[-133.1354,53.9467],[-133.2972,53.9423],[-133.2914,53.9371],[-133.1667,53.7833],[-133.1623,53.7795],[-133.1617,53.7789],[-133.1605,53.7779]]]},"properties":{"UID":"S2_HG_471","Category_Simple":"Category 1","Area_km2":120.44522610324256,"SUBREGION":"HG","EA_Common_site_name_Site_Profil":"Beresford Hippa Site","Exist_AIWI_Type":null}},
{"type":"Feature","geometry":{"type":"Polygon","coordinates":[[[-132.1406,54.0212],[-132.1372,54.0142],[-132.139,54.011],[-132.136,54.0101],[-132.1335,54.013],[-132.1339,54.0167],[-132.1368,54.0179],[-132.1373,54.0216],[-132.1406,54.0212]]]},"properties":{"UID":"S2_HG_447","Category_Simple":"Category 1","Area_km2":0.30197355472905074,"SUBREGION":"HG","EA_Common_site_name_Site_Profil":"Delkatla Slough Site","Exist_AIWI_Type":null}},
{"type":"Feature","geometry":{"type":"Polygon","coordinates":[[[-132.1634,54.0029],[-132.1586,54.0048],[-132.1698,54.0183],[-132.2149,54.043],[-132.2153,54.0573],[-132.2431,54.0764],[-132.2431,54.0763],[-132.2379,54.0691],[-132.2375,54.0592],[-132.2431,54.0551],[-132.2435,54.0468],[-132.2505,54.0397],[-132.2399,54.0295],[-132.2288,54.0255],[-132.204,54.021],[-132.1874,54.0198],[-132.177,54.0161],[-132.1793,54.0103],[-132.1739,54.0017],[-132.1634,54.0029]]]},"properties":{"UID":"S2_HG_446","Category_Simple":"Category 1","Area_km2":13.547996830770188,"SUBREGION":"HG","EA_Common_site_name_Site_Profil":"McIntyre Site","Exist_AIWI_Type":null}},
{"type":"Feature","geometry":{"type":"Polygon","coordinates":[[[-131.9168,53.2407],[-131.9238,53.2416],[-131.9256,53.2354],[-131.9374,53.2283],[-131.9467,53.2253],[-131.9508,53.2213],[-131.9622,53.2142],[-131.9608,53.2126],[-131.9484,53.2202],[-131.9445,53.2241],[-131.9354,53.227],[-131.9233,53.2342],[-131.9216,53.2404],[-131.9168,53.2407]]]},"properties":{"UID":"S2_HG_434","Category_Simple":"Category 1","Area_km2":2.193354937037117,"SUBREGION":"HG","EA_Common_site_name_Site_Profil":"Skidegate Inlet Site","Exist_AIWI_Type":null}},
{"type":"Feature","geometry":{"type":"Polygon","coordinates":[[[-132.4109,53.743],[-132.4149,53.7364],[-132.4242,53.7325],[-132.4319,53.7222],[-132.4168,53.7203],[-132.4026,53.7311],[-132.4033,53.738],[-132.4109,53.743]]]},"properties":{"UID":"S2_HG_413","Category_Simple":"Category 1","Area_km2":2.54697141675327,"SUBREGION":"HG","EA_Common_site_name_Site_Profil":"Masset Inlet Site","Exist_AIWI_Type":null}},
{"type":"Feature","geometry":{"type":"Polygon","coordinates":[[[-132.3482,53.7229],[-132.3622,53.7181],[-132.3543,53.7137],[-132.3334,53.7161],[-132.3482,53.7229]]]},"properties":{"UID":"S2_HG_412","Category_Simple":"Category 1","Area_km2":1.210092339183292,"SUBREGION":"HG","EA_Common_site_name_Site_Profil":"Masset Inlet Site","Exist_AIWI_Type":null}},
{"type":"Feature","geometry":{"type":"Polygon","coordinates":[[[-133.5782,54.2168],[-133.4835,54.3106],[-133.5151,54.3883],[-133.6404,54.3957],[-133.7778,54.3546],[-133.7472,54.2762],[-133.6057,54.208],[-133.5782,54.2168]]]},"properties":{"UID":"S2_HG_506","Category_Simple":"Category 1","Area_km2":267.85860559897213,"SUBREGION":"HG","EA_Common_site_name_Site_Profil":"Offshore NW Dixon Site","Exist_AIWI_Type":null}},
{"type":"Feature","geometry":{"type":"Polygon","coordinates":[[[-132.6073,53.2194],[-132.6119,53.2191],[-132.6103,53.2169],[-132.6067,53.2164],[-132.6073,53.2194]]]},"properties":{"UID":"S2_HG_486","Category_Simple":"Category 1","Area_km2":0.109759994890987,"SUBREGION":"HG","EA_Common_site_name_Site_Profil":"Rennell to Kitgoro Site","Exist_AIWI_Type":null}},
{"type":"Feature","geometry":{"type":"Polygon","coordinates":[[[-132.6445,53.2524],[-132.6446,53.2524],[-132.6568,53.2573],[-132.6898,53.2611],[-132.7007,53.2594],[-132.7093,53.254],[-132.7092,53.2524],[-132.7426,53.2479],[-132.7159,53.195],[-132.6717,53.1975],[-132.7046,53.2196],[-132.6831,53.2303],[-132.6529,53.2096],[-132.6445,53.2524]]]},"properties":{"UID":"S2_HG_483","Category_Simple":"Category 1","Area_km2":29.042594376660805,"SUBREGION":"HG","EA_Common_site_name_Site_Profil":"Rennell to Kitgoro Site","Exist_AIWI_Type":null}},
{"type":"Feature","geometry":{"type":"Polygon","coordinates":[[[-131.8797,53.7732],[-131.8832,53.7731],[-131.8853,53.7659],[-131.8771,53.7439],[-131.878,53.738],[-131.8741,53.7099],[-131.8797,53.6985],[-131.9068,53.6668],[-131.9133,53.657],[-131.9099,53.6572],[-131.9051,53.6642],[-131.9048,53.6649],[-131.8766,53.6982],[-131.8712,53.7093],[-131.8746,53.7377],[-131.8748,53.7382],[-131.874,53.7441],[-131.8823,53.7661],[-131.8797,53.7732]]]},"properties":{"UID":"S2_HG_436","Category_Simple":"Existing MPA/RCA - 'as-is, where-is'","Area_km2":2.769887252185707,"SUBREGION":"HG","EA_Common_site_name_Site_Profil":"Dogfish Bank Site","Exist_AIWI_Type":"BC MP"}},
{"type":"Feature","geometry":{"type":"Polygon","coordinates":[[[-132.3579,53.1381],[-132.3706,53.1446],[-132.3976,53.1378],[-132.4204,53.1398],[-132.4588,53.1353],[-132.4736,53.1358],[-132.4964,53.148],[-132.4853,53.1513],[-132.486,53.1591],[-132.4578,53.161],[-132.4304,53.1681],[-132.4342,53.1729],[-132.458,53.1667],[-132.4733,53.1658],[-132.4842,53.1677],[-132.4892,53.1755],[-132.4799,53.1847],[-132.4756,53.2097],[-132.4831,53.2232],[-132.489,53.213],[-132.4902,53.2028],[-132.4869,53.1921],[-132.4926,53.1782],[-132.5102,53.1531],[-132.5327,53.1645],[-132.5556,53.1696],[-132.5636,53.1787],[-132.5563,53.1833],[-132.5387,53.1885],[-132.5424,53.194],[-132.5586,53.1925],[-132.5751,53.194],[-132.5853,53.1911],[-132.5939,53.1986],[-132.5942,53.2056],[-132.5668,53.2193],[-132.5634,53.2317],[-132.5781,53.2292],[-132.5928,53.2294],[-132.6008,53.237],[-132.6135,53.2415],[-132.6196,53.2486],[-132.6049,53.2537],[-132.5795,53.258],[-132.5638,53.2654],[-132.5449,53.2679],[-132.5151,53.2767],[-132.5237,53.2814],[-132.5546,53.2713],[-132.5789,53.266],[-132.5994,53.2582],[-132.623,53.2567],[-132.6247,53.2516],[-132.6445,53.2525],[-132.6446,53.2524],[-132.6445,53.2524],[-132.6529,53.2096],[-132.6494,53.2035],[-132.657,53.1977],[-132.6717,53.1975],[-132.7159,53.195],[-132.7024,53.1681],[-132.6021,53.1232],[-132.5844,53.0854],[-132.5385,53.0423],[-132.5286,53.0437],[-132.5287,53.0437],[-132.5331,53.0471],[-132.5227,53.054],[-132.5244,53.0595],[-132.5463,53.0677],[-132.5646,53.077],[-132.5667,53.0825],[-132.5767,53.0873],[-132.5645,53.0984],[-132.5508,53.0972],[-132.5438,53.1],[-132.544,53.1053],[-132.5641,53.1194],[-132.5933,53.1247],[-132.5955,53.1319],[-132.5836,53.1488],[-132.5713,53.1507],[-132.5496,53.1393],[-132.5289,53.1341],[-132.5245,53.1365],[-132.4916,53.1247],[-132.4741,53.1249],[-132.4329,53.1293],[-132.4024,53.1274],[-132.4023,53.1274],[-132.3921,53.1276],[-132.3704,53.133],[-132.3579,53.1381]],[[-132.6073,53.2194],[-132.6067,53.2164],[-132.6103,53.2169],[-132.6119,53.2191],[-132.6073,53.2194]]]},"properties":{"UID":"S2_HG_485","Category_Simple":"Category 1","Area_km2":133.42716370738438,"SUBREGION":"HG","EA_Common_site_name_Site_Profil":"Rennell to Kitgoro Site","Exist_AIWI_Type":null}},
{"type":"Feature","geometry":{"type":"Polygon","coordinates":[[[-132.7093,53.254],[-132.716,53.2541],[-132.7158,53.2647],[-132.706,53.2737],[-132.7118,53.2778],[-132.7073,53.2843],[-132.6776,53.2849],[-132.6699,53.288],[-132.651,53.2872],[-132.6284,53.2914],[-132.641,53.3039],[-132.6377,53.3153],[-132.6101,53.3172],[-132.5827,53.3224],[-132.5654,53.3169],[-132.56,53.3053],[-132.5531,53.3244],[-132.553,53.3307],[-132.5678,53.3346],[-132.6006,53.3315],[-132.633,53.325],[-132.6443,53.3262],[-132.6575,53.3238],[-132.6788,53.3244],[-132.6864,53.3274],[-132.708,53.3265],[-132.7305,53.3205],[-132.7553,53.3162],[-132.7667,53.3174],[-132.7688,53.3249],[-132.784,53.324],[-132.776,53.314],[-132.7426,53.2479],[-132.7092,53.2524],[-132.7093,53.254]]]},"properties":{"UID":"S2_HG_482","Category_Simple":"Category 1","Area_km2":55.625012072205045,"SUBREGION":"HG","EA_Common_site_name_Site_Profil":"Rennell to Kitgoro Site","Exist_AIWI_Type":null}},
{"type":"Feature","geometry":{"type":"Polygon","coordinates":[[[-132.4023,53.1274],[-132.3951,53.1194],[-132.3932,53.1082],[-132.4031,53.1038],[-132.4164,53.1028],[-132.4389,53.1061],[-132.4544,53.1029],[-132.4763,53.1048],[-132.544,53.1053],[-132.5438,53.1],[-132.5267,53.0992],[-132.52,53.096],[-132.4829,53.0998],[-132.4566,53.0958],[-132.4271,53.0994],[-132.4162,53.0992],[-132.3914,53.1046],[-132.3887,53.1082],[-132.3921,53.1276],[-132.4023,53.1274]]]},"properties":{"UID":"S2_HG_487","Category_Simple":"Category 1","Area_km2":7.816028734433287,"SUBREGION":"HG","EA_Common_site_name_Site_Profil":"Rennell to Kitgoro Site","Exist_AIWI_Type":null}},
{"type":"Feature","geometry":{"type":"Polygon","coordinates":[[[-132.96,53.1317],[-132.9785,53.2217],[-133.0846,53.2458],[-133.1093,53.3861],[-133.6692,53.3492],[-133.6592,53.3424],[-133.6431,53.3268],[-133.6233,53.3179],[-133.5955,53.3147],[-133.5877,53.311],[-133.5659,53.2894],[-133.5413,53.2602],[-133.5161,53.244],[-133.4935,53.2349],[-133.4593,53.2285],[-133.4389,53.2222],[-133.4148,53.2085],[-133.3972,53.1916],[-133.384,53.1817],[-133.3523,53.1647],[-133.3204,53.1497],[-133.2989,53.1339],[-133.2762,53.1113],[-132.96,53.1317]]]},"properties":{"UID":"S2_HG_503","Category_Simple":"Category 1","Area_km2":830.9002735195031,"SUBREGION":"HG","EA_Common_site_name_Site_Profil":"Offshore Continental Slope South","Exist_AIWI_Type":null}},
{"type":"Feature","geometry":{"type":"MultiPolygon","coordinates":[[[[-132.4435,54.0883],[-132.4352,54.1006],[-132.534,54.0961],[-132.5481,54.0955],[-132.5695,54.0944],[-132.5683,54.085],[-132.5787,54.0772],[-132.5807,54.0681],[-132.5635,54.0531],[-132.5657,54.0466],[-132.5745,54.047],[-132.5783,54.0382],[-132.5843,54.0359],[-132.5904,54.025],[-132.6234,54.0129],[-132.6347,54.0116],[-132.6481,54.0027],[-132.6554,54.0017],[-132.6625,53.9934],[-132.624,53.9723],[-132.6251,53.9683],[-132.6027,53.978],[-132.6051,53.9887],[-132.5924,53.99],[-132.5848,53.9868],[-132.5619,53.9985],[-132.556,54.0033],[-132.5715,54.0101],[-132.5641,54.024],[-132.5665,54.029],[-132.5596,54.0427],[-132.5418,54.0503],[-132.5438,54.0647],[-132.4546,54.0946],[-132.4435,54.0883]]],[[[-132.667,53.9777],[-132.6661,53.9833],[-132.6725,53.9826],[-132.6735,53.9771],[-132.6696,53.9775],[-132.6695,53.9774],[-132.6695,53.9775],[-132.6684,53.9776],[-132.667,53.9777]]]]},"properties":{"UID":"S2_HG_451","Category_Simple":"Category 1","Area_km2":48.00985797982525,"SUBREGION":"HG","EA_Common_site_name_Site_Profil":"Naden Site","Exist_AIWI_Type":null}},
{"type":"Feature","geometry":{"type":"Polygon","coordinates":[[[-132.5385,53.0423],[-132.5366,53.0405],[-132.4839,53.0173],[-132.4594,53.0183],[-132.4293,53.0219],[-132.4213,53.0182],[-132.4127,53.0229],[-132.4127,53.027],[-132.4131,53.027],[-132.426,53.0347],[-132.4272,53.0408],[-132.4419,53.0407],[-132.4495,53.0356],[-132.4687,53.0355],[-132.4862,53.028],[-132.4952,53.0275],[-132.5076,53.0343],[-132.5229,53.0393],[-132.5286,53.0437],[-132.5385,53.0423]]]},"properties":{"UID":"S2_HG_491","Category_Simple":"Category 1","Area_km2":9.42898694602681,"SUBREGION":"HG","EA_Common_site_name_Site_Profil":"Englefield to Tasu Site","Exist_AIWI_Type":null}},
{"type":"Feature","geometry":{"type":"Polygon","coordinates":[[[-132.2265,53.2272],[-132.2325,53.2195],[-132.2268,53.2216],[-132.2269,53.2216],[-132.2268,53.2217],[-132.2265,53.2219],[-132.2265,53.222],[-132.2265,53.2272]]]},"properties":{"UID":"S2_HG_422","Category_Simple":"Category 1","Area_km2":0.4035118607300043,"SUBREGION":"HG","EA_Common_site_name_Site_Profil":"Skidegate Inlet Site","Exist_AIWI_Type":null}},
{"type":"Feature","geometry":{"type":"Polygon","coordinates":[[[-132.9764,54.184],[-132.9934,54.1858],[-132.9954,54.1821],[-132.9794,54.1795],[-132.9764,54.184]]]},"properties":{"UID":"S2_HG_461","Category_Simple":"Category 1","Area_km2":0.3671202867781088,"SUBREGION":"HG","EA_Common_site_name_Site_Profil":"Langara Site","Exist_AIWI_Type":null}},
{"type":"Feature","geometry":{"type":"Polygon","coordinates":[[[-132.9053,54.3901],[-132.9041,54.4251],[-132.9613,54.4715],[-132.9746,54.4915],[-133.1684,54.4427],[-133.113,54.388],[-132.9944,54.3625],[-132.9053,54.3901]]]},"properties":{"UID":"S2_HG_501","Category_Simple":"Category 1","Area_km2":152.02792180369977,"SUBREGION":"HG","EA_Common_site_name_Site_Profil":"Offshore Learmonth Bank Site","Exist_AIWI_Type":null}},
{"type":"Feature","geometry":{"type":"Polygon","coordinates":[[[-132.5941,53.3938],[-132.6026,53.3913],[-132.6016,53.3838],[-132.5846,53.3838],[-132.5792,53.3897],[-132.5941,53.3938]]]},"properties":{"UID":"S2_HG_481","Category_Simple":"Category 1","Area_km2":1.663466226888556,"SUBREGION":"HG","EA_Common_site_name_Site_Profil":"Rennell to Kitgoro Site","Exist_AIWI_Type":null}},
{"type":"Feature","geometry":{"type":"Polygon","coordinates":[[[-132.7954,54.1332],[-132.8214,54.1329],[-132.8252,54.1287],[-132.8046,54.1284],[-132.7954,54.1332]]]},"properties":{"UID":"S2_HG_456","Category_Simple":"Category 1","Area_km2":1.0434243394505796,"SUBREGION":"HG","EA_Common_site_name_Site_Profil":"Naden Site","Exist_AIWI_Type":null}},
{"type":"Feature","geometry":{"type":"Polygon","coordinates":[[[-132.3913,52.9327],[-132.3858,52.9314],[-132.3691,52.9575],[-132.4024,52.9647],[-132.418,52.9391],[-132.3913,52.9327]]]},"properties":{"UID":"S2_HG_496","Category_Simple":"Category 1","Area_km2":7.23042095527413,"SUBREGION":"HG","EA_Common_site_name_Site_Profil":"Englefield to Tasu Site","Exist_AIWI_Type":null}},
{"type":"Feature","geometry":{"type":"Polygon","coordinates":[[[-132.5059,53.6572],[-132.5295,53.6758],[-132.5705,53.6736],[-132.5696,53.6606],[-132.5648,53.6565],[-132.5513,53.6595],[-132.5513,53.6717],[-132.5366,53.6747],[-132.5453,53.6611],[-132.5386,53.6508],[-132.5286,53.651],[-132.517,53.6571],[-132.5059,53.6572]]]},"properties":{"UID":"S2_HG_416","Category_Simple":"Category 1","Area_km2":5.773130446664332,"SUBREGION":"HG","EA_Common_site_name_Site_Profil":"Masset Inlet Site","Exist_AIWI_Type":null}},
{"type":"Feature","geometry":{"type":"Polygon","coordinates":[[[-132.9948,53.7652],[-133.0045,53.7707],[-133.0046,53.7707],[-133.0044,53.7705],[-133.0033,53.7697],[-133.0034,53.7696],[-132.9948,53.7652]]]},"properties":{"UID":"S2_HG_473","Category_Simple":"Category 1","Area_km2":0.5290890911615598,"SUBREGION":"HG","EA_Common_site_name_Site_Profil":"Beresford Hippa Site","Exist_AIWI_Type":null}},
{"type":"Feature","geometry":{"type":"Polygon","coordinates":[[[-131.6256,53.0516],[-131.6313,53.0464],[-131.6204,53.042],[-131.6115,53.0436],[-131.6057,53.039],[-131.6079,53.0326],[-131.6156,53.0281],[-131.6334,53.0292],[-131.6558,53.0333],[-131.6535,53.0417],[-131.6789,53.0428],[-131.6917,53.0414],[-131.7203,53.0452],[-131.6919,53.0396],[-131.6565,53.0407],[-131.6581,53.032],[-131.6522,53.0294],[-131.6109,53.0268],[-131.6035,53.0336],[-131.6027,53.0394],[-131.6138,53.0457],[-131.6212,53.0441],[-131.6256,53.0516]]]},"properties":{"UID":"S2_HG_432","Category_Simple":"Category 1","Area_km2":2.8598184011158696,"SUBREGION":"HG","EA_Common_site_name_Site_Profil":"Five Mile to Gwaii Haanas Site","Exist_AIWI_Type":null}},
{"type":"Feature","geometry":{"type":"Polygon","coordinates":[[[-132.1286,53.8091],[-132.1334,53.8091],[-132.1398,53.7848],[-132.1377,53.7692],[-132.143,53.7644],[-132.1456,53.7549],[-132.1405,53.7505],[-132.1601,53.7403],[-132.1634,53.7267],[-132.1741,53.7178],[-132.1609,53.7106],[-132.1576,53.7279],[-132.161,53.7306],[-132.1574,53.7402],[-132.1395,53.7498],[-132.1434,53.7564],[-132.1356,53.7696],[-132.1359,53.7878],[-132.1286,53.8091]]]},"properties":{"UID":"S2_HG_400","Category_Simple":"Category 1","Area_km2":4.906301928423949,"SUBREGION":"HG","EA_Common_site_name_Site_Profil":"Masset Inlet Site","Exist_AIWI_Type":null}},
{"type":"Feature","geometry":{"type":"Polygon","coordinates":[[[-132.3551,53.1389],[-132.3516,53.1478],[-132.3331,53.1464],[-132.3018,53.1532],[-132.2884,53.1524],[-132.2715,53.1468],[-132.2502,53.1459],[-132.2327,53.1394],[-132.224,53.1463],[-132.2463,53.147],[-132.2562,53.1512],[-132.271,53.1507],[-132.2995,53.1549],[-132.3082,53.1584],[-132.3124,53.1647],[-132.3209,53.1636],[-132.3287,53.1526],[-132.3428,53.1503],[-132.3605,53.1534],[-132.3706,53.1447],[-132.3706,53.1446],[-132.3579,53.1381],[-132.3551,53.1389]]]},"properties":{"UID":"S2_HG_490","Category_Simple":"Category 1","Area_km2":5.8619091482184436,"SUBREGION":"HG","EA_Common_site_name_Site_Profil":"Skidegate Inlet Site","Exist_AIWI_Type":null}},
{"type":"Feature","geometry":{"type":"Polygon","coordinates":[[[-132.9612,53.6607],[-132.9716,53.6587],[-132.9663,53.6561],[-132.9587,53.6578],[-132.9612,53.6607]]]},"properties":{"UID":"S2_HG_475","Category_Simple":"Category 1","Area_km2":0.79768408256578,"SUBREGION":"HG","EA_Common_site_name_Site_Profil":"Beresford Hippa Site","Exist_AIWI_Type":null}},
{"type":"Feature","geometry":{"type":"Polygon","coordinates":[[[-132.1084,52.7344],[-132.096,52.7495],[-132.0753,52.7508],[-132.0848,52.7777],[-132.0948,52.7799],[-132.1056,52.7757],[-132.1023,52.7571],[-132.1084,52.7507],[-132.1082,52.7437],[-132.1373,52.7465],[-132.149,52.7523],[-132.1546,52.7636],[-132.1665,52.7687],[-132.1693,52.776],[-132.1833,52.7907],[-132.185,52.7967],[-132.2058,52.7945],[-132.2375,52.803],[-132.2446,52.8192],[-132.2614,52.8319],[-132.2642,52.8397],[-132.2567,52.8509],[-132.2451,52.8535],[-132.2449,52.859],[-132.2334,52.8613],[-132.2101,52.8582],[-132.2135,52.8488],[-132.1974,52.8434],[-132.1597,52.8425],[-132.1589,52.8482],[-132.1781,52.847],[-132.1815,52.8513],[-132.198,52.849],[-132.2048,52.8587],[-132.225,52.8616],[-132.2322,52.8651],[-132.2554,52.8668],[-132.2601,52.8638],[-132.271,52.8724],[-132.2934,52.8765],[-132.3034,52.884],[-132.3219,52.8916],[-132.3239,52.9056],[-132.3311,52.9139],[-132.3652,52.9275],[-132.3574,52.9411],[-132.3567,52.9475],[-132.3398,52.9522],[-132.3164,52.9554],[-132.3006,52.9524],[-132.2878,52.9538],[-132.2874,52.9593],[-132.2694,52.9569],[-132.258,52.959],[-132.2275,52.9498],[-132.2207,52.9448],[-132.2126,52.9461],[-132.1989,52.9289],[-132.175,52.9271],[-132.171,52.9313],[-132.1948,52.9331],[-132.2061,52.9408],[-132.206,52.9461],[-132.23,52.9556],[-132.2467,52.9665],[-132.1866,52.9767],[-132.187,52.9879],[-132.2423,53.0025],[-132.2788,53.0083],[-132.2789,53.0192],[-132.3098,53.019],[-132.3206,53.0269],[-132.3527,53.0188],[-132.3565,53.0276],[-132.3339,53.0327],[-132.326,53.0395],[-132.3052,53.0424],[-132.2913,53.0479],[-132.2839,53.0538],[-132.2685,53.0535],[-132.2591,53.0588],[-132.2865,53.0615],[-132.2982,53.0489],[-132.3079,53.0459],[-132.334,53.0433],[-132.3439,53.0454],[-132.3564,53.0347],[-132.3683,53.0304],[-132.3785,53.03],[-132.407,53.0253],[-132.4126,53.0269],[-132.4127,53.027],[-132.4127,53.0229],[-132.4118,53.0154],[-132.4242,53.0136],[-132.4758,53.0128],[-132.4349,52.9535],[-132.4252,52.9697],[-132.4024,52.9647],[-132.3691,52.9575],[-132.3858,52.9314],[-132.3913,52.9327],[-132.3691,52.9251],[-132.2385,52.7984],[-132.2057,52.7911],[-132.1413,52.7432],[-132.1117,52.7327],[-132.1084,52.7344]]]},"properties":{"UID":"S2_HG_493","Category_Simple":"Category 1","Area_km2":126.83974793131311,"SUBREGION":"HG","EA_Common_site_name_Site_Profil":"Englefield to Tasu Site","Exist_AIWI_Type":null}},
{"type":"Feature","geometry":{"type":"Polygon","coordinates":[[[-132.7688,53.3249],[-132.7621,53.3298],[-132.7417,53.3361],[-132.728,53.3544],[-132.7106,53.3592],[-132.7121,53.3624],[-132.7298,53.3657],[-132.7263,53.3742],[-132.7203,53.3769],[-132.7011,53.3748],[-132.6896,53.3647],[-132.6703,53.3701],[-132.6525,53.3652],[-132.6332,53.3662],[-132.6252,53.3689],[-132.6088,53.3649],[-132.5821,53.3627],[-132.5675,53.3654],[-132.5409,53.3657],[-132.5133,53.3577],[-132.5106,53.3494],[-132.519,53.3461],[-132.4898,53.3323],[-132.4831,53.3221],[-132.4591,53.3206],[-132.4415,53.3218],[-132.4393,53.3048],[-132.4315,53.3001],[-132.4242,53.3091],[-132.4212,53.3185],[-132.412,53.3208],[-132.4209,53.3408],[-132.4329,53.348],[-132.4768,53.3607],[-132.4861,53.3684],[-132.5101,53.3768],[-132.5199,53.3778],[-132.5165,53.3871],[-132.529,53.3877],[-132.5263,53.397],[-132.5196,53.4011],[-132.5303,53.4135],[-132.5381,53.4167],[-132.5633,53.4131],[-132.5693,53.418],[-132.5863,53.4246],[-132.5941,53.4222],[-132.6081,53.423],[-132.6234,53.4283],[-132.6433,53.4251],[-132.654,53.4269],[-132.6709,53.4351],[-132.672,53.4408],[-132.6614,53.4454],[-132.6613,53.4538],[-132.6547,53.4751],[-132.6778,53.4804],[-132.674,53.4686],[-132.6761,53.462],[-132.6967,53.445],[-132.7062,53.4434],[-132.7154,53.4482],[-132.7664,53.4586],[-132.7762,53.4641],[-132.7502,53.4721],[-132.7386,53.479],[-132.7297,53.491],[-132.7337,53.4983],[-132.7439,53.4969],[-132.742,53.5096],[-132.7529,53.5157],[-132.7324,53.5223],[-132.7357,53.5278],[-132.7548,53.5248],[-132.7607,53.5186],[-132.7594,53.5093],[-132.7638,53.5004],[-132.7572,53.4914],[-132.7674,53.4852],[-132.7872,53.485],[-132.8136,53.4817],[-132.8268,53.4721],[-132.8473,53.4718],[-132.8625,53.468],[-132.8837,53.4667],[-132.899,53.4677],[-132.8991,53.4677],[-132.9029,53.4673],[-132.8516,53.4086],[-132.784,53.324],[-132.7688,53.3249]],[[-132.5941,53.3938],[-132.5792,53.3897],[-132.5846,53.3838],[-132.6016,53.3838],[-132.6026,53.3913],[-132.5941,53.3938]]]},"properties":{"UID":"S2_HG_480","Category_Simple":"Category 1","Area_km2":253.3305238297841,"SUBREGION":"HG","EA_Common_site_name_Site_Profil":"Rennell to Kitgoro Site","Exist_AIWI_Type":null}},
{"type":"Feature","geometry":{"type":"Polygon","coordinates":[[[-132.6027,53.978],[-132.5898,53.9777],[-132.5848,53.9868],[-132.5924,53.99],[-132.6051,53.9887],[-132.6027,53.978]]]},"properties":{"UID":"S2_HG_454","Category_Simple":"Category 1","Area_km2":1.8059741538208829,"SUBREGION":"HG","EA_Common_site_name_Site_Profil":"Naden Site","Exist_AIWI_Type":null}},
{"type":"Feature","geometry":{"type":"Polygon","coordinates":[[[-132.1092,53.1563],[-132.1137,53.1512],[-132.1227,53.151],[-132.1342,53.1478],[-132.1282,53.1449],[-132.1229,53.1485],[-132.1014,53.1524],[-132.1092,53.1563]]]},"properties":{"UID":"S2_HG_423","Category_Simple":"Category 1","Area_km2":0.963840756431851,"SUBREGION":"HG","EA_Common_site_name_Site_Profil":"Skidegate Inlet Site","Exist_AIWI_Type":null}},
{"type":"Feature","geometry":{"type":"Polygon","coordinates":[[[-132.4024,52.9647],[-132.4252,52.9697],[-132.4349,52.9535],[-132.4404,52.9443],[-132.418,52.9391],[-132.4024,52.9647]]]},"properties":{"UID":"S2_HG_495","Category_Simple":"Category 1","Area_km2":4.8979640521414,"SUBREGION":"HG","EA_Common_site_name_Site_Profil":"Englefield to Tasu Site","Exist_AIWI_Type":null}},
{"type":"Feature","geometry":{"type":"MultiPolygon","coordinates":[[[[-131.1187,52.1888],[-131.1187,52.1933],[-131.1321,52.1956],[-131.1361,52.2035],[-131.1453,52.2005],[-131.1391,52.1888],[-131.1187,52.1888]]],[[[-130.8184,52.2079],[-130.9177,52.2956],[-131.0127,52.2208],[-131.0127,52.2207],[-131.0128,52.2207],[-131.013,52.2205],[-131.0098,52.214],[-131.013,52.2084],[-131.0105,52.1951],[-131.0155,52.1815],[-131.0332,52.1711],[-131.0332,52.171],[-130.8184,52.2079]]],[[[-130.9394,52.0956],[-130.9366,52.0935],[-130.94,52.0773],[-130.9401,52.0773],[-130.9392,52.0764],[-130.9383,52.0757],[-130.9382,52.0757],[-130.8486,52.0439],[-130.8253,52.1704],[-130.9394,52.0956]]],[[[-131.2385,52.124],[-131.2639,52.1202],[-131.264,52.1202],[-131.2986,52.0971],[-131.24,52.0529],[-131.1292,52.0727],[-131.1288,52.0727],[-131.1287,52.0728],[-131.1287,52.0736],[-131.131,52.0771],[-131.1317,52.0781],[-131.1404,52.0912],[-131.1446,52.0952],[-131.145,52.0951],[-131.145,52.0952],[-131.1465,52.0957],[-131.1516,52.0965],[-131.1517,52.0964],[-131.1535,52.0968],[-131.1548,52.0981],[-131.1565,52.1003],[-131.168,52.1065],[-131.1717,52.1078],[-131.2375,52.1238],[-131.238,52.1239],[-131.2385,52.124]]],[[[-131.2428,52.2041],[-131.2469,52.2094],[-131.2648,52.2174],[-131.2686,52.2223],[-131.2815,52.2285],[-131.2816,52.2194],[-131.2611,52.1974],[-131.2428,52.2041]]],[[[-130.9965,52.0057],[-131.0264,52.0225],[-131.0478,52.0274],[-131.0575,52.0202],[-131.0513,52.0143],[-131.0398,52.0107],[-131.033,51.9989],[-131.0233,51.9943],[-131.0097,51.9834],[-131.0081,51.9758],[-131.0196,51.9727],[-131.0345,51.9747],[-131.0421,51.9679],[-131.0416,51.9633],[-131.0209,51.9516],[-131.017,51.9468],[-131.0258,51.9418],[-131.0296,51.9494],[-131.0507,51.954],[-131.0564,51.9614],[-131.0565,51.9614],[-131.1297,51.9157],[-131.1108,51.9064],[-131.0469,51.875],[-130.9349,51.8197],[-130.903,51.8039],[-130.8935,51.7992],[-130.8868,51.836],[-130.9965,52.0057]]],[[[-131.2374,52.2685],[-131.2603,52.2623],[-131.2545,52.2582],[-131.2464,52.245],[-131.2314,52.2534],[-131.2247,52.2632],[-131.2373,52.2685],[-131.2374,52.2685]]],[[[-131.0145,52.3805],[-131.0745,52.433],[-131.2359,52.442],[-131.2382,52.434],[-131.2479,52.4206],[-131.2673,52.4145],[-131.2642,52.4086],[-131.2559,52.3935],[-131.2549,52.3916],[-131.2548,52.3916],[-131.2447,52.373],[-131.2448,52.3719],[-131.2593,52.3495],[-131.2593,52.3496],[-131.2594,52.3493],[-131.2595,52.3492],[-131.2733,52.3465],[-131.2942,52.3455],[-131.3063,52.35],[-131.3079,52.3391],[-131.3166,52.3287],[-131.3278,52.3255],[-131.3336,52.3314],[-131.3346,52.3424],[-131.3504,52.359],[-131.3535,52.3839],[-131.3556,52.3879],[-131.371,52.3858],[-131.382,52.3847],[-131.3907,52.3843],[-131.3907,52.3842],[-131.3839,52.3726],[-131.4062,52.3647],[-131.4137,52.3546],[-131.4037,52.3504],[-131.3913,52.3579],[-131.3847,52.3567],[-131.3725,52.3691],[-131.362,52.3739],[-131.3533,52.3641],[-131.3561,52.3594],[-131.3504,52.3452],[-131.3446,52.3388],[-131.3455,52.329],[-131.3515,52.3236],[-131.3404,52.3207],[-131.3378,52.3139],[-131.345,52.3086],[-131.3332,52.3034],[-131.3318,52.2961],[-131.3058,52.3021],[-131.0145,52.3805]]],[[[-131.3655,52.4322],[-131.3656,52.4322],[-131.3824,52.4358],[-131.3888,52.4408],[-131.3931,52.451],[-131.3871,52.4601],[-131.3749,52.4622],[-131.3695,52.4657],[-131.3649,52.4662],[-131.3644,52.4676],[-131.3627,52.4677],[-131.3994,52.4841],[-131.4016,52.4849],[-131.4669,52.5004],[-131.467,52.5004],[-131.4678,52.5],[-131.4678,52.4999],[-131.4662,52.4745],[-131.4695,52.4654],[-131.4808,52.4498],[-131.4652,52.452],[-131.4681,52.4613],[-131.4536,52.4656],[-131.4508,52.4619],[-131.4249,52.4663],[-131.4163,52.4548],[-131.4183,52.4395],[-131.4222,52.434],[-131.4017,52.4298],[-131.4012,52.4297],[-131.4012,52.4296],[-131.3753,52.4243],[-131.3738,52.4239],[-131.3655,52.4322]]],[[[-131.4398,52.5635],[-131.4387,52.5641],[-131.427,52.5685],[-131.4267,52.5686],[-131.3828,52.5827],[-131.3708,52.5852],[-131.3708,52.5851],[-131.216,52.6446],[-131.2414,52.6845],[-131.4423,52.7012],[-131.4473,52.6978],[-131.4459,52.6893],[-131.4395,52.6856],[-131.4643,52.6728],[-131.4638,52.6631],[-131.4557,52.6537],[-131.4635,52.6252],[-131.478,52.6194],[-131.491,52.6208],[-131.5199,52.6164],[-131.5348,52.6248],[-131.5398,52.6318],[-131.5506,52.6356],[-131.564,52.6467],[-131.5896,52.652],[-131.5957,52.641],[-131.6061,52.6444],[-131.616,52.6389],[-131.602,52.6344],[-131.5996,52.6278],[-131.5847,52.6286],[-131.5604,52.6138],[-131.5474,52.6005],[-131.5481,52.596],[-131.5481,52.5959],[-131.5483,52.5776],[-131.5483,52.5774],[-131.5482,52.5774],[-131.5482,52.5762],[-131.5482,52.5755],[-131.5515,52.5725],[-131.5565,52.569],[-131.6288,52.5493],[-131.6289,52.5492],[-131.6311,52.5497],[-131.6314,52.5497],[-131.6315,52.5497],[-131.6551,52.5503],[-131.6529,52.5409],[-131.6295,52.5301],[-131.6184,52.5308],[-131.6053,52.5135],[-131.6015,52.5208],[-131.5816,52.5252],[-131.5746,52.5369],[-131.551,52.5406],[-131.5491,52.5401],[-131.5059,52.525],[-131.4398,52.5635]]],[[[-131.5977,52.389],[-131.5966,52.3885],[-131.5912,52.3986],[-131.5827,52.4049],[-131.562,52.4086],[-131.5548,52.4048],[-131.5379,52.4077],[-131.5305,52.4023],[-131.5053,52.3946],[-131.5049,52.4063],[-131.5176,52.416],[-131.5357,52.4157],[-131.5537,52.4233],[-131.558,52.4328],[-131.5714,52.4343],[-131.5745,52.4258],[-131.5828,52.4266],[-131.5956,52.4179],[-131.6017,52.4204],[-131.6102,52.4139],[-131.615,52.4238],[-131.6274,52.4305],[-131.6323,52.4422],[-131.6226,52.446],[-131.6197,52.4526],[-131.6263,52.4561],[-131.6452,52.4488],[-131.6488,52.4627],[-131.6552,52.4734],[-131.6651,52.4784],[-131.6936,52.4818],[-131.6967,52.4851],[-131.7206,52.492],[-131.7338,52.499],[-131.7375,52.4963],[-131.7722,52.5095],[-131.7828,52.5116],[-131.7876,52.5207],[-131.784,52.5287],[-131.7521,52.5307],[-131.7606,52.5346],[-131.7739,52.5323],[-131.7915,52.534],[-131.7985,52.5304],[-131.8081,52.5299],[-131.819,52.548],[-131.8344,52.5476],[-131.8335,52.5576],[-131.8385,52.5657],[-131.8285,52.5682],[-131.8139,52.5681],[-131.7852,52.5782],[-131.7902,52.5829],[-131.8161,52.5732],[-131.8401,52.5707],[-131.8529,52.5619],[-131.8618,52.5658],[-131.8632,52.5765],[-131.8816,52.5756],[-131.8938,52.5778],[-131.8959,52.5837],[-131.9061,52.5874],[-131.9124,52.5948],[-131.9095,52.6052],[-131.886,52.6044],[-131.8687,52.6065],[-131.8662,52.6159],[-131.882,52.6089],[-131.8938,52.6144],[-131.9077,52.6108],[-131.9185,52.6181],[-131.9301,52.6176],[-131.9367,52.6227],[-131.9311,52.634],[-131.9398,52.6363],[-132.1657,52.6352],[-131.9802,52.501],[-131.8311,52.3922],[-131.7299,52.3179],[-131.6016,52.3915],[-131.5977,52.389]]],[[[-131.3589,52.2373],[-131.3517,52.2401],[-131.363,52.2619],[-131.3738,52.2729],[-131.3793,52.2695],[-131.3706,52.2409],[-131.3589,52.2373]]],[[[-131.7055,52.6675],[-131.6861,52.6529],[-131.6897,52.6418],[-131.6468,52.6217],[-131.6627,52.639],[-131.6647,52.6488],[-131.6557,52.6598],[-131.6715,52.6696],[-131.6851,52.6744],[-131.6889,52.6732],[-131.6889,52.6731],[-131.6897,52.6729],[-131.7055,52.6675]]],[[[-131.648,52.7788],[-131.6314,52.7748],[-131.6136,52.7633],[-131.6128,52.7501],[-131.6129,52.75],[-131.5931,52.7536],[-131.5865,52.7655],[-131.5758,52.7751],[-131.5497,52.7687],[-131.5696,52.7561],[-131.5688,52.7519],[-131.5673,52.7483],[-131.4808,52.8025],[-131.484,52.8234],[-131.6569,52.8101],[-131.6535,52.8044],[-131.6562,52.7973],[-131.6509,52.7852],[-131.6509,52.7853],[-131.6506,52.7847],[-131.648,52.7788]]],[[[-131.3042,52.3794],[-131.3065,52.365],[-131.3148,52.3589],[-131.3068,52.3558],[-131.2964,52.3591],[-131.2896,52.3688],[-131.2948,52.3752],[-131.3042,52.3794]]]]},"properties":{"UID":"S2_HG_841","Category_Simple":"Existing MPA/RCA - 'as-is, where-is'","Area_km2":1421.7403196178138,"SUBREGION":"HG","EA_Common_site_name_Site_Profil":"Gwaii Haanas Site","Exist_AIWI_Type":"NMCAR Gwaii Haanas"}},
{"type":"Feature","geometry":{"type":"MultiPolygon","coordinates":[[[[-131.8393,54.0712],[-131.8392,54.0679],[-131.8179,54.07],[-131.801,54.0753],[-131.7907,54.0739],[-131.7492,54.0916],[-131.7272,54.1036],[-131.7118,54.1146],[-131.6721,54.1525],[-131.6744,54.1538],[-131.7117,54.1179],[-131.7294,54.1049],[-131.7642,54.0869],[-131.7899,54.0765],[-131.7952,54.0802],[-131.8221,54.0709],[-131.8393,54.0712]]],[[[-132.0026,54.0285],[-131.9662,54.0319],[-131.9385,54.0366],[-131.9231,54.0412],[-131.8904,54.0485],[-131.8671,54.0565],[-131.8672,54.0586],[-131.8938,54.0492],[-131.955,54.0356],[-132.0026,54.0285]]]]},"properties":{"UID":"S2_HG_442","Category_Simple":"Category 1","Area_km2":5.1351322097684,"SUBREGION":"HG","EA_Common_site_name_Site_Profil":"McIntyre Site","Exist_AIWI_Type":null}},
{"type":"Feature","geometry":{"type":"Polygon","coordinates":[[[-131.7133,53.1707],[-131.7536,53.2015],[-131.7732,53.1976],[-131.7781,53.188],[-131.7786,53.1727],[-131.795,53.1685],[-131.7749,53.1585],[-131.7625,53.1594],[-131.7583,53.1534],[-131.7251,53.1522],[-131.7086,53.1487],[-131.7133,53.1707]]]},"properties":{"UID":"S2_HG_433","Category_Simple":"Category 1","Area_km2":19.8360914210832,"SUBREGION":"HG","EA_Common_site_name_Site_Profil":"Five Mile to Gwaii Haanas Site","Exist_AIWI_Type":null}},
{"type":"Feature","geometry":{"type":"Polygon","coordinates":[[[-132.5418,54.0503],[-132.5263,54.054],[-132.5232,54.0615],[-132.515,54.0613],[-132.4843,54.0657],[-132.4696,54.0725],[-132.4435,54.0883],[-132.4546,54.0946],[-132.5438,54.0647],[-132.5418,54.0503]]]},"properties":{"UID":"S2_HG_452","Category_Simple":"Category 1","Area_km2":10.856826593341319,"SUBREGION":"HG","EA_Common_site_name_Site_Profil":"Naden Site","Exist_AIWI_Type":null}},
{"type":"Feature","geometry":{"type":"Polygon","coordinates":[[[-132.5695,54.0944],[-132.573,54.0943],[-132.5729,54.0943],[-132.5712,54.0856],[-132.5814,54.0781],[-132.5849,54.0713],[-132.5755,54.0589],[-132.5665,54.0526],[-132.5775,54.0459],[-132.5843,54.0359],[-132.5783,54.0382],[-132.5745,54.047],[-132.5657,54.0466],[-132.5635,54.0531],[-132.5807,54.0681],[-132.5787,54.0772],[-132.5683,54.085],[-132.5695,54.0944]]]},"properties":{"UID":"S2_HG_453","Category_Simple":"Category 1","Area_km2":1.6593711849502475,"SUBREGION":"HG","EA_Common_site_name_Site_Profil":"Naden Site","Exist_AIWI_Type":null}},
{"type":"Feature","geometry":{"type":"Polygon","coordinates":[[[-131.9659,53.274],[-131.9714,53.2773],[-131.9804,53.2696],[-131.9906,53.2652],[-131.9899,53.2553],[-131.9971,53.2492],[-131.983,53.2452],[-131.972,53.2554],[-131.9659,53.274]]]},"properties":{"UID":"S2_HG_424","Category_Simple":"Category 1","Area_km2":5.009813839876285,"SUBREGION":"HG","EA_Common_site_name_Site_Profil":"Skidegate Inlet Site","Exist_AIWI_Type":null}},
{"type":"Feature","geometry":{"type":"Polygon","coordinates":[[[-131.8797,53.7732],[-131.8598,53.8062],[-131.8451,53.8223],[-131.8261,53.8386],[-131.8118,53.8585],[-131.7705,53.8971],[-131.7561,53.9119],[-131.7243,53.9488],[-131.7051,53.9767],[-131.6967,53.9943],[-131.6852,54.0295],[-131.675,54.0523],[-131.6726,54.0801],[-131.6589,54.1321],[-131.6551,54.1566],[-131.6556,54.1601],[-131.6556,54.1602],[-131.6587,54.1589],[-131.662,54.1323],[-131.6757,54.0802],[-131.6793,54.0583],[-131.6781,54.053],[-131.689,54.0278],[-131.6998,53.9947],[-131.7081,53.9773],[-131.7271,53.9495],[-131.7595,53.9121],[-131.7731,53.8981],[-131.8147,53.8591],[-131.8311,53.8369],[-131.8473,53.8235],[-131.8626,53.8069],[-131.8708,53.7953],[-131.8832,53.7731],[-131.8797,53.7732]]]},"properties":{"UID":"S2_HG_435","Category_Simple":"Existing MPA/RCA - 'as-is, where-is'","Area_km2":11.465205298091515,"SUBREGION":"HG","EA_Common_site_name_Site_Profil":"Dogfish Bank Site","Exist_AIWI_Type":"BC MP"}},
{"type":"Feature","geometry":{"type":"Polygon","coordinates":[[[-132.4839,53.0173],[-132.4758,53.0128],[-132.4242,53.0136],[-132.4118,53.0154],[-132.4127,53.0229],[-132.4213,53.0182],[-132.4293,53.0219],[-132.4594,53.0183],[-132.4839,53.0173]]]},"properties":{"UID":"S2_HG_492","Category_Simple":"Category 1","Area_km2":2.9418453437930263,"SUBREGION":"HG","EA_Common_site_name_Site_Profil":"Englefield to Tasu Site","Exist_AIWI_Type":null}},
{"type":"Feature","geometry":{"type":"Polygon","coordinates":[[[-132.4828,53.5642],[-132.4791,53.5643],[-132.4744,53.573],[-132.4601,53.5797],[-132.4609,53.5838],[-132.4401,53.6118],[-132.4282,53.6141],[-132.421,53.6089],[-132.3969,53.6185],[-132.3936,53.623],[-132.4611,53.6124],[-132.4696,53.6063],[-132.4744,53.5929],[-132.4745,53.5839],[-132.4881,53.5793],[-132.4854,53.569],[-132.4821,53.5666],[-132.4823,53.5647],[-132.4828,53.5642]]]},"properties":{"UID":"S2_HG_414","Category_Simple":"Category 1","Area_km2":8.880837550503093,"SUBREGION":"HG","EA_Common_site_name_Site_Profil":"Masset Inlet Site","Exist_AIWI_Type":null}},
{"type":"Feature","geometry":{"type":"Polygon","coordinates":[[[-132.1657,52.6352],[-132.449,52.4999],[-132.4076,52.4789],[-132.3986,52.4651],[-132.3882,52.4565],[-132.3763,52.4398],[-132.3292,52.4242],[-132.2967,52.4014],[-132.2856,52.3855],[-132.2771,52.3813],[-132.2568,52.3774],[-132.2383,52.3694],[-132.2277,52.3601],[-132.2077,52.3496],[-132.1761,52.3412],[-132.1407,52.317],[-132.1186,52.3049],[-132.1092,52.2928],[-132.0885,52.2875],[-132.0646,52.2698],[-132.0569,52.2559],[-132.0385,52.2494],[-132.0203,52.2297],[-132.0202,52.2182],[-131.9938,52.1975],[-131.9902,52.1824],[-131.9845,52.1719],[-131.7299,52.3179],[-131.8311,52.3922],[-131.9802,52.501],[-132.1657,52.6352]]]},"properties":{"UID":"S2_HG_504","Category_Simple":"Category 1","Area_km2":1072.069364029513,"SUBREGION":"HG","EA_Common_site_name_Site_Profil":"Gwaii Haanas Ext Site","Exist_AIWI_Type":null}},
{"type":"Feature","geometry":{"type":"Polygon","coordinates":[[[-132.2265,53.2272],[-132.2265,53.222],[-132.2265,53.2219],[-132.2268,53.2217],[-132.2269,53.2216],[-132.2268,53.2216],[-132.2325,53.2195],[-132.2179,53.2166],[-132.1779,53.2302],[-132.1744,53.2418],[-132.2187,53.231],[-132.2264,53.2272],[-132.2265,53.2272]]]},"properties":{"UID":"S2_HG_421","Category_Simple":"Category 1","Area_km2":4.643705980843652,"SUBREGION":"HG","EA_Common_site_name_Site_Profil":"Skidegate Inlet Site","Exist_AIWI_Type":null}},
{"type":"Feature","geometry":{"type":"Polygon","coordinates":[[[-132.5059,53.6572],[-132.5087,53.6412],[-132.5025,53.6393],[-132.4734,53.6595],[-132.4673,53.6575],[-132.4494,53.6634],[-132.4471,53.6705],[-132.4343,53.6755],[-132.4782,53.6912],[-132.5295,53.6758],[-132.5059,53.6572]],[[-132.4786,53.6891],[-132.4688,53.6851],[-132.4686,53.6801],[-132.4875,53.6732],[-132.4996,53.6748],[-132.4943,53.6821],[-132.4786,53.6891]]]},"properties":{"UID":"S2_HG_402","Category_Simple":"Category 1","Area_km2":13.979720106043215,"SUBREGION":"HG","EA_Common_site_name_Site_Profil":"Masset Inlet Site","Exist_AIWI_Type":null}},
{"type":"Feature","geometry":{"type":"Polygon","coordinates":[[[-131.6103,54.4273],[-131.3068,54.4297],[-131.3109,54.4728],[-131.3315,54.5518],[-131.4483,54.5518],[-131.6144,54.4784],[-131.6103,54.4273]]]},"properties":{"UID":"S2_HG_500","Category_Simple":"Category 1","Area_km2":219.905728327407,"SUBREGION":"HG","EA_Common_site_name_Site_Profil":"Offshore Celestial Reef Site","Exist_AIWI_Type":null}},
{"type":"Feature","geometry":{"type":"Polygon","coordinates":[[[-132.0474,53.2239],[-132.0461,53.2209],[-132.0405,53.2206],[-132.0405,53.2221],[-132.0458,53.2222],[-132.0474,53.2239]]]},"properties":{"UID":"S2_HG_420","Category_Simple":"Category 1","Area_km2":0.3710132146737855,"SUBREGION":"HG","EA_Common_site_name_Site_Profil":"Skidegate Inlet Site","Exist_AIWI_Type":null}},
{"type":"Feature","geometry":{"type":"Polygon","coordinates":[[[-132.6625,53.9934],[-132.6624,53.9897],[-132.6835,53.9823],[-132.6912,53.9773],[-132.6855,53.973],[-132.6735,53.9771],[-132.6725,53.9826],[-132.6661,53.9833],[-132.667,53.9777],[-132.6684,53.9776],[-132.6695,53.9775],[-132.6695,53.9774],[-132.6622,53.9663],[-132.6797,53.9575],[-132.6638,53.9467],[-132.6426,53.9579],[-132.6436,53.9617],[-132.6276,53.9649],[-132.6251,53.9683],[-132.624,53.9723],[-132.6625,53.9934]]]},"properties":{"UID":"S2_HG_455","Category_Simple":"Category 1","Area_km2":10.096741104178474,"SUBREGION":"HG","EA_Common_site_name_Site_Profil":"Naden Site","Exist_AIWI_Type":null}},
{"type":"Feature","geometry":{"type":"Polygon","coordinates":[[[-132.3012,53.6312],[-132.3096,53.6301],[-132.3168,53.6248],[-132.3126,53.6236],[-132.3083,53.6288],[-132.3012,53.6312]]]},"properties":{"UID":"S2_HG_411","Category_Simple":"Category 1","Area_km2":0.4117845542821581,"SUBREGION":"HG","EA_Common_site_name_Site_Profil":"Masset Inlet Site","Exist_AIWI_Type":null}},
{"type":"Feature","geometry":{"type":"Polygon","coordinates":[[[-133.1354,53.9467],[-133.1289,53.9425],[-133.1166,53.9444],[-133.1133,53.968],[-133.117,53.9786],[-133.124,53.9811],[-133.1183,54.0013],[-133.1042,54.0068],[-133.0941,54.0022],[-133.0784,54.008],[-133.0857,54.0196],[-133.0681,54.0228],[-133.0555,54.0322],[-133.0595,54.0392],[-133.0504,54.0454],[-133.057,54.0532],[-133.0668,54.0521],[-133.0705,54.0612],[-133.0724,54.0932],[-133.0656,54.0989],[-133.073,54.1073],[-133.0962,54.1038],[-133.1017,54.1108],[-133.1231,54.1119],[-133.1891,54.0328],[-133.2975,53.9603],[-133.2972,53.9423],[-133.1354,53.9467]]]},"properties":{"UID":"S2_HG_470","Category_Simple":"Category 1","Area_km2":146.03374503599167,"SUBREGION":"HG","EA_Common_site_name_Site_Profil":"Beresford Hippa Site","Exist_AIWI_Type":null}},
{"type":"Feature","geometry":{"type":"Polygon","coordinates":[[[-132.9444,53.6956],[-132.9442,53.6954],[-132.9441,53.6955],[-132.9305,53.7023],[-132.9384,53.7068],[-132.9635,53.7109],[-132.9944,53.714],[-132.9959,53.7292],[-132.993,53.7321],[-132.9942,53.7471],[-133.0054,53.7516],[-133.002,53.7604],[-132.9948,53.7652],[-133.0034,53.7696],[-133.0033,53.7697],[-133.0044,53.7705],[-133.0046,53.7707],[-133.0225,53.766],[-133.0308,53.753],[-133.0375,53.7478],[-133.0524,53.756],[-133.0617,53.7673],[-133.0907,53.773],[-133.1097,53.7744],[-133.119,53.7803],[-133.1515,53.7785],[-133.0491,53.6743],[-133.0141,53.6519],[-133.0303,53.5335],[-132.9945,53.5109],[-132.9439,53.5142],[-132.9029,53.4673],[-132.8991,53.4677],[-132.8952,53.4803],[-132.8855,53.4861],[-132.8891,53.499],[-132.8618,53.4974],[-132.8498,53.4998],[-132.8414,53.5072],[-132.8374,53.5157],[-132.8493,53.522],[-132.8636,53.5195],[-132.8937,53.5198],[-132.9293,53.5164],[-132.9447,53.5195],[-132.9403,53.5319],[-132.9241,53.5409],[-132.9306,53.5452],[-132.9339,53.5546],[-132.9095,53.5601],[-132.9097,53.5653],[-132.9302,53.5636],[-132.9453,53.5601],[-132.955,53.5533],[-132.9907,53.5616],[-132.9694,53.5657],[-132.9691,53.5703],[-133.0026,53.5898],[-133.0011,53.5959],[-132.9856,53.5961],[-132.9662,53.6061],[-132.958,53.6057],[-132.9461,53.6146],[-132.9462,53.6251],[-132.9426,53.6373],[-132.9525,53.642],[-132.9684,53.6394],[-132.9698,53.646],[-132.948,53.6541],[-132.9558,53.6649],[-132.9799,53.6646],[-132.9895,53.6676],[-133.0033,53.6663],[-133.0227,53.6838],[-133.0033,53.6887],[-132.9933,53.6792],[-132.9765,53.684],[-132.979,53.6962],[-132.967,53.6994],[-132.9568,53.6922],[-132.9583,53.686],[-132.9485,53.6847],[-132.9444,53.6956]],[[-132.9958,53.5464],[-132.9953,53.5465],[-132.9542,53.5361],[-132.9524,53.5264],[-132.9541,53.5235],[-132.9729,53.5221],[-132.9732,53.5221],[-132.9786,53.5201],[-132.9841,53.5217],[-132.9863,53.5246],[-132.9863,53.525],[-132.9866,53.5261],[-132.9906,53.5271],[-132.9904,53.5332],[-132.9889,53.5339],[-132.9908,53.5344],[-132.9919,53.5346],[-132.9974,53.5399],[-132.9978,53.5397],[-133.0122,53.5421],[-133.01,53.5479],[-133.004,53.549],[-132.9958,53.5464]],[[-132.9612,53.6607],[-132.9587,53.6578],[-132.9663,53.6561],[-132.9716,53.6587],[-132.9612,53.6607]]]},"properties":{"UID":"S2_HG_472","Category_Simple":"Category 1","Area_km2":163.49435591019773,"SUBREGION":"HG","EA_Common_site_name_Site_Profil":"Beresford Hippa Site","Exist_AIWI_Type":null}},
{"type":"Feature","geometry":{"type":"Polygon","coordinates":[[[-132.9426,53.6373],[-132.9462,53.6251],[-132.9461,53.6146],[-132.958,53.6057],[-132.9289,53.5906],[-132.9157,53.5894],[-132.9064,53.5836],[-132.8919,53.5938],[-132.8719,53.5919],[-132.849,53.5861],[-132.8325,53.5902],[-132.8169,53.6019],[-132.8227,53.6056],[-132.8347,53.5961],[-132.8581,53.597],[-132.877,53.6019],[-132.8988,53.6017],[-132.9092,53.6035],[-132.9192,53.6106],[-132.9226,53.6169],[-132.9311,53.6192],[-132.9333,53.6352],[-132.9426,53.6374],[-132.9426,53.6373]],[[-132.9466,53.6121],[-132.9262,53.603],[-132.9218,53.5947],[-132.9363,53.5966],[-132.9351,53.6039],[-132.9485,53.6056],[-132.9466,53.6121]]]},"properties":{"UID":"S2_HG_476","Category_Simple":"Category 1","Area_km2":14.00274640989943,"SUBREGION":"HG","EA_Common_site_name_Site_Profil":"Beresford Hippa Site","Exist_AIWI_Type":null}},
{"type":"Feature","geometry":{"type":"Polygon","coordinates":[[[-131.7095,53.0055],[-131.6936,53.0037],[-131.6807,52.9989],[-131.6628,52.9994],[-131.6438,52.9873],[-131.6137,52.9742],[-131.6057,52.963],[-131.6179,52.9555],[-131.6382,52.9507],[-131.6424,52.9441],[-131.6243,52.9324],[-131.6196,52.9267],[-131.6251,52.9161],[-131.6376,52.9138],[-131.6213,52.9],[-131.5491,52.8692],[-131.5263,52.8581],[-131.4743,52.87],[-131.5294,52.9062],[-131.5499,52.9539],[-131.5651,52.9655],[-131.6205,52.9793],[-131.6342,52.9874],[-131.6425,52.9891],[-131.6514,52.9956],[-131.6387,53.0117],[-131.6795,53.0321],[-131.6962,53.0305],[-131.7095,53.0055]],[[-131.5199,52.8772],[-131.5061,52.8774],[-131.5026,52.8725],[-131.5208,52.8654],[-131.5387,52.8694],[-131.5199,52.8772]]]},"properties":{"UID":"S2_HG_431","Category_Simple":"Category 1","Area_km2":76.40713292200088,"SUBREGION":"HG","EA_Common_site_name_Site_Profil":"Five Mile to Gwaii Haanas Site","Exist_AIWI_Type":null}},
{"type":"Feature","geometry":{"type":"Polygon","coordinates":[[[-133.0871,54.1711],[-133.0849,54.166],[-133.0677,54.1692],[-133.055,54.1646],[-133.0536,54.1589],[-133.0399,54.1615],[-133.0307,54.1727],[-133.0531,54.1762],[-133.0721,54.175],[-133.0871,54.1711]]]},"properties":{"UID":"S2_HG_463","Category_Simple":"Category 1","Area_km2":3.377546179509786,"SUBREGION":"HG","EA_Common_site_name_Site_Profil":"Langara Site","Exist_AIWI_Type":null}},
{"type":"Feature","geometry":{"type":"Polygon","coordinates":[[[-133.1017,54.1108],[-133.1001,54.123],[-133.0827,54.1295],[-133.0777,54.139],[-133.0671,54.1414],[-133.065,54.1485],[-133.0536,54.1589],[-133.055,54.1646],[-133.0677,54.1692],[-133.0849,54.166],[-133.0871,54.1711],[-133.086,54.1831],[-133.0616,54.18],[-133.0466,54.1841],[-133.0265,54.1845],[-133.0171,54.1758],[-132.9868,54.1706],[-132.9792,54.1656],[-132.9669,54.169],[-132.9627,54.1653],[-132.9369,54.1662],[-132.9317,54.157],[-132.9178,54.1483],[-132.9023,54.1487],[-132.8831,54.1457],[-132.9088,54.201],[-132.8445,54.176],[-132.8382,54.2797],[-133.1163,54.2806],[-133.1161,54.252],[-133.0614,54.2552],[-133.0526,54.2575],[-133.0416,54.2554],[-133.0352,54.2586],[-133.0172,54.2536],[-132.9976,54.2545],[-132.9764,54.244],[-132.9686,54.2235],[-132.9875,54.219],[-132.9744,54.2043],[-132.9751,54.1942],[-132.9806,54.1868],[-133.0162,54.1926],[-133.0744,54.2065],[-133.1166,54.2252],[-133.1151,54.1214],[-133.1231,54.1119],[-133.1017,54.1108]],[[-132.9764,54.184],[-132.9794,54.1795],[-132.9954,54.1821],[-132.9934,54.1858],[-132.9764,54.184]]]},"properties":{"UID":"S2_HG_460","Category_Simple":"Category 1","Area_km2":176.4200930376717,"SUBREGION":"HG","EA_Common_site_name_Site_Profil":"Langara Site","Exist_AIWI_Type":null}},
{"type":"Feature","geometry":{"type":"Polygon","coordinates":[[[-132.2166,54.1017],[-132.2168,54.1081],[-132.3125,54.1271],[-132.5177,54.1052],[-132.6394,54.1595],[-132.7133,54.1762],[-132.8445,54.176],[-132.9088,54.201],[-132.8831,54.1457],[-132.8661,54.1364],[-132.8482,54.137],[-132.8253,54.1287],[-132.8252,54.1287],[-132.8214,54.1329],[-132.7954,54.1332],[-132.7666,54.1321],[-132.7596,54.1375],[-132.7438,54.1366],[-132.7363,54.14],[-132.7186,54.1415],[-132.7088,54.1473],[-132.6875,54.1469],[-132.6614,54.1534],[-132.6583,54.1455],[-132.6391,54.1392],[-132.6325,54.1344],[-132.6193,54.134],[-132.6065,54.1246],[-132.5815,54.1204],[-132.5902,54.1051],[-132.573,54.0943],[-132.5695,54.0944],[-132.5481,54.0955],[-132.534,54.0961],[-132.4352,54.1006],[-132.4226,54.0993],[-132.3815,54.1016],[-132.3611,54.1092],[-132.3438,54.1077],[-132.3137,54.1136],[-132.3067,54.109],[-132.2906,54.1064],[-132.2836,54.1001],[-132.2697,54.0984],[-132.2648,54.0894],[-132.2646,54.0789],[-132.253,54.0797],[-132.2431,54.0764],[-132.2153,54.0573],[-132.2166,54.1017]]]},"properties":{"UID":"S2_HG_450","Category_Simple":"Category 1","Area_km2":127.6433180146018,"SUBREGION":"HG","EA_Common_site_name_Site_Profil":"Naden Site","Exist_AIWI_Type":null}},
{"type":"Feature","geometry":{"type":"Polygon","coordinates":[[[-132.6717,53.1975],[-132.657,53.1977],[-132.6494,53.2035],[-132.6529,53.2096],[-132.6831,53.2303],[-132.7046,53.2196],[-132.6717,53.1975]]]},"properties":{"UID":"S2_HG_484","Category_Simple":"Category 1","Area_km2":6.251204584824534,"SUBREGION":"HG","EA_Common_site_name_Site_Profil":"Rennell to Kitgoro Site","Exist_AIWI_Type":null}},
{"type":"Feature","geometry":{"type":"Polygon","coordinates":[[[-133.0744,54.2065],[-133.0165,54.1928],[-133.0025,54.2129],[-133.0158,54.2194],[-133.0195,54.2145],[-133.0367,54.2171],[-133.0383,54.2237],[-133.0797,54.2226],[-133.0825,54.2265],[-133.0698,54.2345],[-133.0776,54.248],[-133.0632,54.2509],[-133.0614,54.2552],[-133.1161,54.252],[-133.1166,54.2252],[-133.0744,54.2065]]]},"properties":{"UID":"S2_HG_462","Category_Simple":"Category 1","Area_km2":21.881597420646962,"SUBREGION":"HG","EA_Common_site_name_Site_Profil":"Langara Site","Exist_AIWI_Type":null}},
{"type":"Feature","geometry":{"type":"Polygon","coordinates":[[[-131.5115,54.2484],[-131.59,54.2378],[-131.6979,54.1663],[-131.6843,54.1592],[-131.6743,54.1539],[-131.6608,54.17],[-131.6449,54.1942],[-131.6387,54.1926],[-131.6556,54.1602],[-131.6556,54.1601],[-131.6551,54.1566],[-131.6093,54.159],[-131.5086,54.232],[-131.5115,54.2484]]]},"properties":{"UID":"S2_HG_440","Category_Simple":"Category 1","Area_km2":54.58366154927441,"SUBREGION":"HG","EA_Common_site_name_Site_Profil":"McIntyre Site","Exist_AIWI_Type":null}},
{"type":"Feature","geometry":{"type":"Polygon","coordinates":[[[-131.6744,54.1538],[-131.6721,54.1525],[-131.6587,54.1589],[-131.6556,54.1602],[-131.6387,54.1926],[-131.6449,54.1942],[-131.6608,54.17],[-131.6743,54.1539],[-131.6744,54.1538]]]},"properties":{"UID":"S2_HG_441","Category_Simple":"Category 1","Area_km2":1.8457322550403583,"SUBREGION":"HG","EA_Common_site_name_Site_Profil":"McIntyre Site","Exist_AIWI_Type":null}},
{"type":"Feature","geometry":{"type":"MultiPolygon","coordinates":[[[[-128.7518,50.8043],[-128.7551,50.8093],[-128.7667,50.8156],[-128.775,50.817],[-128.7906,50.8149],[-128.8014,50.808],[-128.8055,50.7945],[-128.8044,50.7878],[-128.7952,50.7765],[-128.7822,50.7691],[-128.7723,50.7672],[-128.7531,50.771],[-128.7433,50.7829],[-128.7462,50.7974],[-128.7518,50.8043]]],[[[-128.9417,50.8005],[-128.9183,50.8008],[-128.9064,50.799],[-128.8861,50.8041],[-128.8772,50.8126],[-128.8776,50.8245],[-128.8904,50.8369],[-128.9073,50.8416],[-128.9256,50.8392],[-128.9321,50.8355],[-128.9417,50.8361],[-128.9417,50.8284],[-128.9305,50.8265],[-128.9163,50.8336],[-128.9065,50.8336],[-128.8945,50.829],[-128.8888,50.8216],[-128.8891,50.8142],[-128.901,50.8072],[-128.9159,50.8088],[-128.9417,50.8082],[-128.9417,50.8005]]]]},"properties":{"UID":"S2_NVI_805","Category_Simple":"Existing MPA/RCA - 'as-is, where-is'","Area_km2":23.819358808403102,"SUBREGION":"NVI","EA_Common_site_name_Site_Profil":"Scott Islands Site","Exist_AIWI_Type":"mNWA Scott Isl"}},
{"type":"Feature","geometry":{"type":"Polygon","coordinates":[[[-128.9417,50.8082],[-128.9526,50.8115],[-128.9546,50.8225],[-128.9417,50.8284],[-128.9417,50.8361],[-128.9523,50.8344],[-128.9658,50.8253],[-128.9684,50.818],[-128.9608,50.8058],[-128.9417,50.8005],[-128.9417,50.8082]]]},"properties":{"UID":"S2_NVI_806","Category_Simple":"Existing MPA/RCA - 'as-is, where-is'","Area_km2":4.010825014321329,"SUBREGION":"NVI","EA_Common_site_name_Site_Profil":"Scott Islands Site","Exist_AIWI_Type":"mNWA Scott Isl"}},
{"type":"Feature","geometry":{"type":"Polygon","coordinates":[[[-128.2762,50.8055],[-128.2762,50.8089],[-128.3573,50.8083],[-128.4453,50.788],[-128.3859,50.6848],[-128.3775,50.6923],[-128.3659,50.6946],[-128.3633,50.7019],[-128.3735,50.717],[-128.3896,50.7276],[-128.4026,50.7398],[-128.4058,50.7483],[-128.3983,50.7507],[-128.4055,50.7619],[-128.4048,50.7683],[-128.4116,50.7729],[-128.4266,50.7709],[-128.4306,50.7818],[-128.422,50.7847],[-128.4143,50.7757],[-128.3908,50.7804],[-128.3853,50.7853],[-128.373,50.7857],[-128.3665,50.7822],[-128.3549,50.7879],[-128.3526,50.7987],[-128.3399,50.8054],[-128.3187,50.8016],[-128.3152,50.7951],[-128.3007,50.7954],[-128.2911,50.803],[-128.2762,50.8055]]]},"properties":{"UID":"S2_NVI_802","Category_Simple":"Existing MPA/RCA - 'as-is, where-is'","Area_km2":32.49628209056144,"SUBREGION":"NVI","EA_Common_site_name_Site_Profil":"Scott Islands Site","Exist_AIWI_Type":"mNWA Scott Isl"}},
{"type":"Feature","geometry":{"type":"MultiPolygon","coordinates":[[[[-128.9809,50.726],[-128.9701,50.7312],[-128.9161,50.723],[-128.75,50.7084],[-128.6368,50.6237],[-128.5027,50.6461],[-128.5155,50.7033],[-128.4762,50.7396],[-128.4301,50.7523],[-128.3974,50.6745],[-128.3859,50.6848],[-128.4453,50.788],[-128.3573,50.8083],[-128.2762,50.8089],[-128.2762,50.8055],[-128.2661,50.8012],[-128.2571,50.8051],[-128.2474,50.8039],[-128.227,50.8156],[-128.2118,50.8292],[-128.2115,50.834],[-128.186,50.834],[-128.1787,50.8378],[-128.1775,50.8437],[-128.2648,50.926],[-128.3035,50.8791],[-128.4474,50.8261],[-128.4973,50.8242],[-128.55,50.8603],[-128.55,50.75],[-128.9417,50.75],[-128.9417,50.8005],[-128.9608,50.8058],[-128.9684,50.818],[-128.9658,50.8253],[-128.9523,50.8344],[-128.9417,50.8361],[-128.9417,50.8667],[-128.5593,50.8667],[-128.643,50.9238],[-128.7911,51.0011],[-128.8209,51.0707],[-128.9326,51.0311],[-129.0116,50.9115],[-129.0081,50.9117],[-129.0218,50.842],[-128.9809,50.726]]],[[[-129.0396,50.6328],[-129.0264,50.6196],[-129.0059,50.6152],[-129.0011,50.6076],[-129.0017,50.5988],[-128.9942,50.5943],[-128.9646,50.5983],[-128.9635,50.5912],[-128.9566,50.5871],[-128.9426,50.585],[-128.9317,50.5791],[-128.9324,50.5697],[-128.9466,50.5623],[-128.9701,50.5549],[-128.9776,50.5485],[-128.9786,50.5372],[-128.9651,50.5244],[-128.9507,50.5191],[-128.9509,50.5098],[-128.9625,50.5084],[-128.9862,50.5022],[-128.9959,50.4951],[-128.9969,50.4831],[-128.9928,50.475],[-128.9761,50.46],[-128.9628,50.4416],[-128.9402,50.4159],[-128.9343,50.4122],[-128.9022,50.4056],[-128.9022,50.3975],[-128.9097,50.388],[-128.9093,50.3808],[-128.8906,50.372],[-128.8768,50.3629],[-128.8553,50.3631],[-128.8354,50.3747],[-128.801,50.3924],[-128.788,50.3899],[-128.7915,50.3817],[-128.8094,50.3608],[-128.8181,50.3553],[-128.8399,50.3491],[-128.8449,50.337],[-128.8381,50.3216],[-128.759,50.3459],[-128.6063,50.4854],[-128.616,50.5454],[-128.6576,50.5377],[-128.6889,50.5822],[-128.7586,50.5794],[-128.7965,50.6167],[-128.8917,50.6582],[-128.9674,50.6877],[-128.9614,50.6706],[-129.0379,50.6343],[-129.0396,50.6328]]]]},"properties":{"UID":"S2_NVI_800","Category_Simple":"Existing MPA/RCA - 'as-is, where-is'","Area_km2":1556.1154740866316,"SUBREGION":"NVI","EA_Common_site_name_Site_Profil":"Scott Islands Site","Exist_AIWI_Type":"mNWA Scott Isl"}},
{"type":"Feature","geometry":{"type":"Polygon","coordinates":[[[-128.9417,50.8005],[-128.9417,50.75],[-128.55,50.75],[-128.55,50.8603],[-128.5593,50.8667],[-128.9417,50.8667],[-128.9417,50.8361],[-128.9321,50.8355],[-128.9256,50.8392],[-128.9073,50.8416],[-128.8904,50.8369],[-128.8776,50.8245],[-128.8772,50.8126],[-128.8861,50.8041],[-128.9064,50.799],[-128.9183,50.8008],[-128.9417,50.8005]],[[-128.7518,50.8043],[-128.7462,50.7974],[-128.7433,50.7829],[-128.7531,50.771],[-128.7723,50.7672],[-128.7822,50.7691],[-128.7952,50.7765],[-128.8044,50.7878],[-128.8055,50.7945],[-128.8014,50.808],[-128.7906,50.8149],[-128.775,50.817],[-128.7667,50.8156],[-128.7551,50.8093],[-128.7518,50.8043]],[[-128.7004,50.8436],[-128.6851,50.8378],[-128.6729,50.8381],[-128.6588,50.8324],[-128.6508,50.8258],[-128.6508,50.8182],[-128.6367,50.8179],[-128.6171,50.8205],[-128.6123,50.8254],[-128.598,50.8269],[-128.5788,50.8203],[-128.5629,50.8124],[-128.5574,50.8074],[-128.5568,50.7968],[-128.5651,50.7869],[-128.5928,50.7826],[-128.5983,50.7762],[-128.6147,50.7722],[-128.627,50.7743],[-128.6394,50.7809],[-128.6464,50.791],[-128.6566,50.7957],[-128.6743,50.7946],[-128.6856,50.7909],[-128.7,50.7924],[-128.727,50.8073],[-128.7303,50.817],[-128.7249,50.8369],[-128.7119,50.8456],[-128.7004,50.8436]]]},"properties":{"UID":"S2_NVI_803","Category_Simple":"Existing MPA/RCA - 'as-is, where-is'","Area_km2":265.07049718487593,"SUBREGION":"NVI","EA_Common_site_name_Site_Profil":"Scott Islands Site","Exist_AIWI_Type":"mNWA Scott Isl"}},
{"type":"Feature","geometry":{"type":"Polygon","coordinates":[[[-128.9417,50.8082],[-128.9417,50.8145],[-128.9463,50.8177],[-128.9417,50.822],[-128.9417,50.8284],[-128.9546,50.8225],[-128.9526,50.8115],[-128.9417,50.8082]]]},"properties":{"UID":"S2_NVI_809","Category_Simple":"Existing MPA/RCA - 'as-is, where-is'","Area_km2":1.5749374494324744,"SUBREGION":"NVI","EA_Common_site_name_Site_Profil":"Scott Islands Site","Exist_AIWI_Type":"mNWA Scott Isl"}},
{"type":"Feature","geometry":{"type":"Polygon","coordinates":[[[-128.9417,50.8284],[-128.9417,50.822],[-128.9417,50.8184],[-128.9417,50.8173],[-128.9417,50.8145],[-128.9417,50.8082],[-128.9159,50.8088],[-128.901,50.8072],[-128.8891,50.8142],[-128.8888,50.8216],[-128.8945,50.829],[-128.9065,50.8336],[-128.9163,50.8336],[-128.9305,50.8265],[-128.9417,50.8284]],[[-128.9029,50.8254],[-128.8981,50.8193],[-128.9038,50.8133],[-128.9135,50.8167],[-128.9158,50.8257],[-128.9029,50.8254]]]},"properties":{"UID":"S2_NVI_808","Category_Simple":"Existing MPA/RCA - 'as-is, where-is'","Area_km2":6.378544356298951,"SUBREGION":"NVI","EA_Common_site_name_Site_Profil":"Scott Islands Site","Exist_AIWI_Type":"mNWA Scott Isl"}},
{"type":"Feature","geometry":{"type":"Polygon","coordinates":[[[-128.9417,50.8145],[-128.9417,50.8173],[-128.9417,50.8184],[-128.9417,50.822],[-128.9463,50.8177],[-128.9417,50.8145]]]},"properties":{"UID":"S2_NVI_813","Category_Simple":"Existing MPA/RCA - 'as-is, where-is'","Area_km2":0.20559166590155403,"SUBREGION":"NVI","EA_Common_site_name_Site_Profil":"Scott Islands Site","Exist_AIWI_Type":"mNWA Scott Isl"}},
{"type":"Feature","geometry":{"type":"Polygon","coordinates":[[[-128.9029,50.8254],[-128.9158,50.8257],[-128.9135,50.8167],[-128.9038,50.8133],[-128.8981,50.8193],[-128.9029,50.8254]]]},"properties":{"UID":"S2_NVI_812","Category_Simple":"Existing MPA/RCA - 'as-is, where-is'","Area_km2":2.4627712302693197,"SUBREGION":"NVI","EA_Common_site_name_Site_Profil":"Scott Islands Site","Exist_AIWI_Type":"mNWA Scott Isl"}},
{"type":"Feature","geometry":{"type":"MultiPolygon","coordinates":[[[[-128.9674,50.6877],[-128.8917,50.6582],[-128.7965,50.6167],[-128.7586,50.5794],[-128.6889,50.5822],[-128.6576,50.5377],[-128.616,50.5454],[-128.6063,50.4854],[-128.3974,50.6745],[-128.4301,50.7523],[-128.4762,50.7396],[-128.5155,50.7033],[-128.5027,50.6461],[-128.6368,50.6237],[-128.75,50.7084],[-128.9161,50.723],[-128.9701,50.7312],[-128.9809,50.726],[-128.9674,50.6877]]],[[[-128.8209,51.0707],[-128.7911,51.0011],[-128.643,50.9238],[-128.5593,50.8667],[-128.55,50.8667],[-128.55,50.8603],[-128.4973,50.8242],[-128.4474,50.8261],[-128.3035,50.8791],[-128.2648,50.926],[-128.5105,51.1557],[-128.7468,51.0968],[-128.8209,51.0707]]]]},"properties":{"UID":"S2_NVI_801","Category_Simple":"Existing MPA/RCA - 'as-is, where-is'","Area_km2":1222.1722722409745,"SUBREGION":"NVI","EA_Common_site_name_Site_Profil":"Scott Islands Site","Exist_AIWI_Type":"mNWA Scott Isl"}},
{"type":"Feature","geometry":{"type":"Polygon","coordinates":[[[-128.55,50.8603],[-128.55,50.8667],[-128.5593,50.8667],[-128.55,50.8603]]]},"properties":{"UID":"S2_NVI_814","Category_Simple":"Existing MPA/RCA - 'as-is, where-is'","Area_km2":0.23304473636865516,"SUBREGION":"NVI","EA_Common_site_name_Site_Profil":"Scott Islands Site","Exist_AIWI_Type":"mNWA Scott Isl"}},
{"type":"Feature","geometry":{"type":"Polygon","coordinates":[[[-128.7004,50.8436],[-128.7119,50.8456],[-128.7249,50.8369],[-128.7303,50.817],[-128.727,50.8073],[-128.7,50.7924],[-128.6856,50.7909],[-128.6743,50.7946],[-128.6566,50.7957],[-128.6464,50.791],[-128.6394,50.7809],[-128.627,50.7743],[-128.6147,50.7722],[-128.5983,50.7762],[-128.5928,50.7826],[-128.5651,50.7869],[-128.5568,50.7968],[-128.5574,50.8074],[-128.5629,50.8124],[-128.5788,50.8203],[-128.598,50.8269],[-128.6123,50.8254],[-128.6171,50.8205],[-128.6367,50.8179],[-128.6508,50.8182],[-128.6508,50.8258],[-128.6588,50.8324],[-128.6729,50.8381],[-128.6851,50.8378],[-128.7004,50.8436]],[[-128.7104,50.8354],[-128.6832,50.8264],[-128.6785,50.8298],[-128.6642,50.8227],[-128.668,50.8146],[-128.6572,50.8084],[-128.6825,50.8046],[-128.6936,50.8005],[-128.6963,50.8075],[-128.7139,50.8109],[-128.7116,50.8172],[-128.7147,50.8254],[-128.7071,50.8294],[-128.7104,50.8354]],[[-128.6033,50.8176],[-128.5912,50.8115],[-128.5771,50.8082],[-128.571,50.7968],[-128.5762,50.7946],[-128.5934,50.7949],[-128.6058,50.7878],[-128.6073,50.7831],[-128.621,50.783],[-128.6325,50.7928],[-128.6385,50.8047],[-128.6265,50.8105],[-128.6081,50.8102],[-128.6033,50.8176]]]},"properties":{"UID":"S2_NVI_804","Category_Simple":"Existing MPA/RCA - 'as-is, where-is'","Area_km2":36.14583217926374,"SUBREGION":"NVI","EA_Common_site_name_Site_Profil":"Scott Islands Site","Exist_AIWI_Type":"mNWA Scott Isl"}},
{"type":"Feature","geometry":{"type":"Polygon","coordinates":[[[-127.7694,51.2715],[-127.6845,51.3048],[-127.6882,51.3121],[-127.7038,51.3273],[-127.7212,51.3216],[-127.7389,51.3299],[-127.739,51.3192],[-127.7557,51.3201],[-127.76,51.3263],[-127.7727,51.3208],[-127.7713,51.3314],[-127.7835,51.3394],[-127.7927,51.3565],[-127.7814,51.3678],[-127.7843,51.3724],[-127.8084,51.3666],[-127.8443,51.3093],[-127.8354,51.2577],[-127.8086,51.2809],[-127.7694,51.2715]]]},"properties":{"UID":"S2_NVI_681","Category_Simple":"Existing MPA/RCA - 'as-is, where-is'","Area_km2":63.2901413596228,"SUBREGION":"NVI","EA_Common_site_name_Site_Profil":"Cape Caution Site","Exist_AIWI_Type":"RCA"}},
{"type":"Feature","geometry":{"type":"Polygon","coordinates":[[[-127.8354,51.2577],[-127.8345,51.2527],[-127.8319,51.2489],[-127.8041,51.258],[-127.8146,51.2654],[-127.8027,51.2711],[-127.7997,51.2597],[-127.7694,51.2715],[-127.8086,51.2809],[-127.8354,51.2577]]]},"properties":{"UID":"S2_NVI_680","Category_Simple":"Existing MPA/RCA - 'as-is, where-is'","Area_km2":5.805088133179326,"SUBREGION":"NVI","EA_Common_site_name_Site_Profil":"Cape Caution Site","Exist_AIWI_Type":"BC Cons and RCA"}},
{"type":"Feature","geometry":{"type":"Polygon","coordinates":[[[-127.6311,51.0582],[-127.6323,51.0587],[-127.6484,51.055],[-127.5834,51.0064],[-127.5745,51.0091],[-127.5744,51.0091],[-127.6311,51.0582]]]},"properties":{"UID":"S2_NVI_676","Category_Simple":"Existing MPA/RCA - 'as-is, where-is'","Area_km2":6.438118227778945,"SUBREGION":"NVI","EA_Common_site_name_Site_Profil":"Cape Caution Site","Exist_AIWI_Type":"BC Cons and RCA"}},
{"type":"Feature","geometry":{"type":"Polygon","coordinates":[[[-127.8039,51.258],[-127.8041,51.258],[-127.8319,51.2489],[-127.8345,51.2527],[-127.8354,51.2577],[-127.8481,51.2467],[-127.8255,51.1502],[-127.8113,51.1449],[-127.7668,51.1431],[-127.6484,51.055],[-127.6323,51.0587],[-127.6311,51.0582],[-127.5744,51.0091],[-127.5223,51.0246],[-127.5134,51.0299],[-127.5199,51.0348],[-127.5125,51.045],[-127.514,51.045],[-127.5154,51.045],[-127.5157,51.045],[-127.5234,51.0441],[-127.5174,51.0602],[-127.5144,51.0806],[-127.5091,51.0856],[-127.5076,51.0973],[-127.5201,51.0936],[-127.5288,51.0955],[-127.5457,51.1037],[-127.5591,51.0977],[-127.56,51.0928],[-127.5754,51.0954],[-127.5953,51.09],[-127.6136,51.0916],[-127.634,51.0878],[-127.6407,51.0899],[-127.6574,51.087],[-127.6641,51.0959],[-127.6766,51.1029],[-127.6689,51.1104],[-127.6737,51.122],[-127.6818,51.1325],[-127.7055,51.1414],[-127.7218,51.1352],[-127.7296,51.1449],[-127.7399,51.1416],[-127.7418,51.1512],[-127.7537,51.1619],[-127.7721,51.1587],[-127.7871,51.1631],[-127.7884,51.1688],[-127.7805,51.175],[-127.7846,51.1833],[-127.7849,51.1847],[-127.7899,51.1967],[-127.781,51.2038],[-127.7843,51.2084],[-127.773,51.2133],[-127.7709,51.2198],[-127.7859,51.2307],[-127.7717,51.2392],[-127.7663,51.249],[-127.7341,51.259],[-127.7223,51.2602],[-127.7101,51.2557],[-127.6998,51.2638],[-127.6813,51.2687],[-127.671,51.275],[-127.6641,51.2749],[-127.632,51.2814],[-127.6165,51.2806],[-127.6082,51.2754],[-127.5972,51.2842],[-127.5721,51.28],[-127.5935,51.2709],[-127.5955,51.2664],[-127.5854,51.2626],[-127.5727,51.2625],[-127.5553,51.2651],[-127.5516,51.2699],[-127.5739,51.2706],[-127.5575,51.2883],[-127.5851,51.2833],[-127.617,51.2888],[-127.6278,51.2965],[-127.7356,51.2635],[-127.7694,51.2715],[-127.7997,51.2597],[-127.803,51.2584],[-127.8039,51.258]]]},"properties":{"UID":"S2_NVI_677","Category_Simple":"Existing MPA/RCA - 'as-is, where-is'","Area_km2":142.1937106538666,"SUBREGION":"NVI","EA_Common_site_name_Site_Profil":"Cape Caution Site","Exist_AIWI_Type":"BC Cons"}},
{"type":"Feature","geometry":{"type":"Polygon","coordinates":[[[-127.6484,51.055],[-127.7343,51.0358],[-127.7244,51.0303],[-127.6965,51.0222],[-127.6953,51.0192],[-127.6956,51.0192],[-127.7029,51.0188],[-127.7017,51.0183],[-127.5647,51.0003],[-127.5745,51.0091],[-127.5834,51.0064],[-127.6484,51.055]]]},"properties":{"UID":"S2_NVI_675","Category_Simple":"Existing MPA/RCA - 'as-is, where-is'","Area_km2":29.148406071669985,"SUBREGION":"NVI","EA_Common_site_name_Site_Profil":"Cape Caution Site","Exist_AIWI_Type":"RCA"}},
{"type":"Feature","geometry":{"type":"Polygon","coordinates":[[[-127.5567,50.8717],[-127.5201,50.8599],[-127.4843,50.8653],[-127.4575,50.8642],[-127.4198,50.8716],[-127.4024,50.8921],[-127.4148,50.9114],[-127.4233,50.9175],[-127.4687,50.9334],[-127.4797,50.9331],[-127.4672,50.922],[-127.4643,50.9028],[-127.5081,50.9041],[-127.5394,50.9291],[-127.5552,50.9312],[-127.5943,50.9231],[-127.6143,50.912],[-127.5967,50.8933],[-127.5878,50.8998],[-127.5878,50.8999],[-127.5876,50.9],[-127.5811,50.9026],[-127.5714,50.9071],[-127.5717,50.908],[-127.5755,50.9117],[-127.5769,50.9132],[-127.5812,50.9174],[-127.5812,50.9186],[-127.5514,50.9256],[-127.5507,50.9258],[-127.5436,50.9275],[-127.5432,50.9273],[-127.5222,50.9059],[-127.5217,50.9053],[-127.5214,50.905],[-127.5192,50.9026],[-127.5176,50.8996],[-127.5108,50.8925],[-127.5161,50.8814],[-127.5279,50.885],[-127.5567,50.8717]],[[-127.4828,50.8868],[-127.4538,50.8713],[-127.4596,50.8666],[-127.4739,50.8747],[-127.4828,50.8868]],[[-127.4948,50.8801],[-127.5061,50.882],[-127.5059,50.8885],[-127.4971,50.8888],[-127.4739,50.8735],[-127.4775,50.8722],[-127.4948,50.8801]]]},"properties":{"UID":"S2_NVI_667","Category_Simple":"Existing MPA/RCA - 'as-is, where-is'","Area_km2":47.85789955289171,"SUBREGION":"NVI","EA_Common_site_name_Site_Profil":"Deserters Bolivar Site","Exist_AIWI_Type":"BC Cons"}},
{"type":"Feature","geometry":{"type":"Polygon","coordinates":[[[-127.9198,50.1298],[-127.8937,50.144],[-127.8728,50.1509],[-127.8639,50.1577],[-127.8554,50.1592],[-127.8454,50.1695],[-127.8385,50.1691],[-127.8111,50.2002],[-127.8,50.1952],[-127.7931,50.2088],[-127.8013,50.2153],[-127.7871,50.2235],[-127.7746,50.2214],[-127.7724,50.2265],[-127.7605,50.2284],[-127.7627,50.2352],[-127.7561,50.2386],[-127.7326,50.2401],[-127.785,50.2407],[-127.8101,50.2219],[-127.8051,50.2061],[-127.838,50.1928],[-127.8443,50.1859],[-127.8426,50.1739],[-127.8771,50.155],[-127.8983,50.1493],[-127.9198,50.1298]]]},"properties":{"UID":"S2_NVI_691","Category_Simple":"Existing MPA/RCA - 'as-is, where-is'","Area_km2":13.842799621764255,"SUBREGION":"NVI","EA_Common_site_name_Site_Profil":"Brooks Bay Site","Exist_AIWI_Type":"BC MP and RCA"}},
{"type":"Feature","geometry":{"type":"Polygon","coordinates":[[[-127.7287,50.2574],[-127.7197,50.2637],[-127.7236,50.2644],[-127.7331,50.2574],[-127.7287,50.2574]]]},"properties":{"UID":"S2_NVI_693","Category_Simple":"Existing MPA/RCA - 'as-is, where-is'","Area_km2":0.2709307112268597,"SUBREGION":"NVI","EA_Common_site_name_Site_Profil":"Brooks Bay Site","Exist_AIWI_Type":"BC ER and RCA"}},
{"type":"Feature","geometry":{"type":"Polygon","coordinates":[[[-127.9397,50.3208],[-127.9328,50.324],[-127.9323,50.324],[-127.9213,50.3259],[-127.9294,50.3266],[-127.9347,50.3233],[-127.9423,50.3253],[-127.9528,50.3224],[-127.9699,50.3271],[-127.974,50.3246],[-127.9736,50.3242],[-127.9703,50.3267],[-127.9534,50.3221],[-127.9496,50.3185],[-127.9403,50.3197],[-127.9397,50.3198],[-127.9395,50.3206],[-127.9397,50.3208]]]},"properties":{"UID":"S2_NVI_689","Category_Simple":"Existing MPA/RCA - 'as-is, where-is'","Area_km2":0.3212907564653918,"SUBREGION":"NVI","EA_Common_site_name_Site_Profil":"Brooks Bay Site","Exist_AIWI_Type":"BC MP and RCA"}},
{"type":"Feature","geometry":{"type":"Polygon","coordinates":[[[-128.2574,50.593],[-128.2722,50.6058],[-128.28,50.6044],[-128.3034,50.6087],[-128.3,50.4833],[-128.1194,50.4834],[-128.1405,50.5056],[-128.1569,50.5058],[-128.1651,50.5134],[-128.1734,50.5158],[-128.1767,50.5232],[-128.1885,50.5243],[-128.2069,50.5291],[-128.2193,50.5404],[-128.2098,50.5445],[-128.2197,50.557],[-128.2338,50.5623],[-128.2407,50.5675],[-128.2481,50.5721],[-128.2606,50.5911],[-128.2597,50.5917],[-128.2574,50.593]]]},"properties":{"UID":"S2_NVI_683","Category_Simple":"Existing MPA/RCA - 'as-is, where-is'","Area_km2":92.56317043124179,"SUBREGION":"NVI","EA_Common_site_name_Site_Profil":"Top Knot Site","Exist_AIWI_Type":"RCA"}},
{"type":"Feature","geometry":{"type":"Polygon","coordinates":[[[-128.2407,50.5675],[-128.2377,50.5784],[-128.2257,50.584],[-128.2396,50.5909],[-128.2574,50.593],[-128.2597,50.5917],[-128.2606,50.5911],[-128.2481,50.5721],[-128.2407,50.5675]]]},"properties":{"UID":"S2_NVI_684","Category_Simple":"Existing MPA/RCA - 'as-is, where-is'","Area_km2":3.337782939568244,"SUBREGION":"NVI","EA_Common_site_name_Site_Profil":"Top Knot Site","Exist_AIWI_Type":"BC MP and RCA"}},
{"type":"Feature","geometry":{"type":"Polygon","coordinates":[[[-127.6996,50.6098],[-127.7049,50.6046],[-127.7147,50.6033],[-127.728,50.6066],[-127.7482,50.6051],[-127.7643,50.5879],[-127.756,50.5849],[-127.7473,50.5884],[-127.7223,50.5853],[-127.6779,50.5827],[-127.6702,50.584],[-127.6373,50.58],[-127.6183,50.5809],[-127.6183,50.5953],[-127.6266,50.5956],[-127.6487,50.6007],[-127.6513,50.6074],[-127.6825,50.6055],[-127.6996,50.6098]]]},"properties":{"UID":"S2_NVI_687","Category_Simple":"Existing MPA/RCA - 'as-is, where-is'","Area_km2":22.31531251594603,"SUBREGION":"NVI","EA_Common_site_name_Site_Profil":"Holberg RCA","Exist_AIWI_Type":"RCA"}},
{"type":"Feature","geometry":{"type":"Polygon","coordinates":[[[-126.5871,50.6403],[-126.6146,50.6576],[-126.6164,50.6497],[-126.6246,50.6408],[-126.6619,50.6422],[-126.6694,50.6435],[-126.6811,50.6521],[-126.6735,50.6543],[-126.6768,50.6543],[-126.6728,50.6569],[-126.6702,50.6593],[-126.6715,50.6592],[-126.6778,50.6611],[-126.691,50.6659],[-126.6932,50.6672],[-126.6928,50.6778],[-126.6891,50.6793],[-126.6884,50.6795],[-126.6881,50.6796],[-126.6691,50.6857],[-126.6673,50.6935],[-126.6774,50.7039],[-126.6874,50.7021],[-126.6898,50.7016],[-126.6927,50.7107],[-126.6929,50.7112],[-126.6937,50.7137],[-126.6939,50.7143],[-126.6926,50.7179],[-126.6918,50.7191],[-126.6867,50.7262],[-126.7094,50.722],[-126.7168,50.7246],[-126.7047,50.7315],[-126.6863,50.7271],[-126.6863,50.7305],[-126.6863,50.7323],[-126.6862,50.74],[-126.6898,50.7391],[-126.7157,50.7451],[-126.7178,50.7568],[-126.7193,50.7572],[-126.7214,50.7567],[-126.7237,50.7562],[-126.7352,50.7535],[-126.736,50.7533],[-126.736,50.725],[-126.7199,50.725],[-126.7195,50.725],[-126.7245,50.72],[-126.7021,50.679],[-126.7019,50.6779],[-126.7195,50.642],[-126.7145,50.644],[-126.6791,50.6359],[-126.6646,50.64],[-126.597,50.6384],[-126.5871,50.6403]]]},"properties":{"UID":"S2_NVI_645","Category_Simple":"Existing MPA/RCA - 'as-is, where-is'","Area_km2":27.34857002094545,"SUBREGION":"NVI","EA_Common_site_name_Site_Profil":"Broughton Site","Exist_AIWI_Type":"BC MP and RCA"}},
{"type":"Feature","geometry":{"type":"MultiPolygon","coordinates":[[[[-125.1511,50.2208],[-125.1508,50.2149],[-125.1431,50.2089],[-125.141,50.2026],[-125.1463,50.1838],[-125.1608,50.1648],[-125.1494,50.1501],[-125.132,50.1735],[-125.1214,50.1781],[-125.1281,50.1826],[-125.1226,50.1895],[-125.1232,50.1969],[-125.1315,50.2033],[-125.1262,50.213],[-125.1243,50.2237],[-125.1162,50.2233],[-125.1082,50.2366],[-125.1106,50.2429],[-125.1008,50.2501],[-125.0941,50.2501],[-125.0886,50.2608],[-125.0755,50.2761],[-125.0889,50.2764],[-125.0886,50.2707],[-125.0954,50.2663],[-125.1059,50.2475],[-125.1224,50.2393],[-125.1338,50.2406],[-125.1194,50.2341],[-125.1321,50.2313],[-125.1385,50.2254],[-125.1511,50.2208]]],[[[-125.1571,50.2414],[-125.1751,50.2502],[-125.1871,50.2614],[-125.1942,50.2733],[-125.1952,50.2812],[-125.2109,50.2958],[-125.2245,50.2931],[-125.2244,50.2834],[-125.2117,50.2834],[-125.2106,50.2596],[-125.2151,50.2551],[-125.2048,50.2492],[-125.1914,50.2456],[-125.1857,50.2365],[-125.1639,50.232],[-125.1638,50.2414],[-125.1571,50.2414]]]]},"properties":{"UID":"S2_NVI_606","Category_Simple":"Existing MPA/RCA - 'as-is, where-is'","Area_km2":27.460129532465977,"SUBREGION":"NVI","EA_Common_site_name_Site_Profil":"Octopus KanishBay Site","Exist_AIWI_Type":"RCA"}},
{"type":"Feature","geometry":{"type":"Polygon","coordinates":[[[-125.2244,50.2834],[-125.2325,50.2814],[-125.2393,50.2734],[-125.252,50.2662],[-125.2433,50.262],[-125.2208,50.2645],[-125.2151,50.2551],[-125.2106,50.2596],[-125.2117,50.2834],[-125.2244,50.2834]]]},"properties":{"UID":"S2_NVI_608","Category_Simple":"Existing MPA/RCA - 'as-is, where-is'","Area_km2":4.580045022635828,"SUBREGION":"NVI","EA_Common_site_name_Site_Profil":"Octopus KanishBay Site","Exist_AIWI_Type":"BC MP and RCA"}},
{"type":"Feature","geometry":{"type":"Polygon","coordinates":[[[-125.1338,50.2406],[-125.152,50.2306],[-125.1571,50.2414],[-125.1638,50.2414],[-125.1639,50.232],[-125.1511,50.2208],[-125.1385,50.2254],[-125.1321,50.2313],[-125.1194,50.2341],[-125.1338,50.2406]]]},"properties":{"UID":"S2_NVI_607","Category_Simple":"Existing MPA/RCA - 'as-is, where-is'","Area_km2":3.0885309830117036,"SUBREGION":"NVI","EA_Common_site_name_Site_Profil":"Octopus KanishBay Site","Exist_AIWI_Type":"BC MP and RCA"}},
{"type":"Feature","geometry":{"type":"Polygon","coordinates":[[[-126.7339,50.8626],[-126.7428,50.8609],[-126.741,50.8541],[-126.7473,50.8517],[-126.7616,50.8565],[-126.7745,50.8498],[-126.7949,50.8471],[-126.8122,50.8479],[-126.8145,50.8377],[-126.8083,50.833],[-126.8088,50.8229],[-126.8029,50.8146],[-126.8035,50.7952],[-126.7919,50.808],[-126.784,50.8093],[-126.7986,50.8268],[-126.7844,50.8357],[-126.7718,50.836],[-126.7654,50.8454],[-126.7546,50.8451],[-126.7478,50.8409],[-126.733,50.8398],[-126.7173,50.8425],[-126.7016,50.8418],[-126.6974,50.8299],[-126.6892,50.8268],[-126.6855,50.8471],[-126.7014,50.8469],[-126.7107,50.8535],[-126.7065,50.8598],[-126.7339,50.8626]]]},"properties":{"UID":"S2_NVI_652","Category_Simple":"Existing MPA/RCA - 'as-is, where-is'","Area_km2":18.05872281994891,"SUBREGION":"NVI","EA_Common_site_name_Site_Profil":"Greenway Site","Exist_AIWI_Type":"RCA"}},
{"type":"Feature","geometry":{"type":"Polygon","coordinates":[[[-126.9038,50.7907],[-126.8794,50.8073],[-126.8899,50.8094],[-126.9028,50.8201],[-126.9201,50.8278],[-126.905,50.8366],[-126.9115,50.8436],[-126.9262,50.8451],[-126.9339,50.8425],[-126.9203,50.8347],[-126.9299,50.8309],[-126.9479,50.8383],[-126.9683,50.8342],[-126.9571,50.8244],[-126.9472,50.828],[-126.9403,50.8191],[-126.9424,50.8035],[-126.931,50.7951],[-126.9199,50.793],[-126.9101,50.7864],[-126.9038,50.7907]]]},"properties":{"UID":"S2_NVI_656","Category_Simple":"Existing MPA/RCA - 'as-is, where-is'","Area_km2":15.726894246738322,"SUBREGION":"NVI","EA_Common_site_name_Site_Profil":"Dickson Polkinghorne RCA","Exist_AIWI_Type":"RCA"}},
{"type":"Feature","geometry":{"type":"Polygon","coordinates":[[[-126.7419,50.768],[-126.7377,50.769],[-126.7361,50.7829],[-126.7482,50.7925],[-126.7596,50.7944],[-126.7655,50.7849],[-126.7671,50.7741],[-126.778,50.7664],[-126.7961,50.7675],[-126.8077,50.7801],[-126.8151,50.7815],[-126.8219,50.7746],[-126.8482,50.7829],[-126.7867,50.75],[-126.7577,50.7631],[-126.7419,50.768]]]},"properties":{"UID":"S2_NVI_651","Category_Simple":"Existing MPA/RCA - 'as-is, where-is'","Area_km2":12.465864836789402,"SUBREGION":"NVI","EA_Common_site_name_Site_Profil":"Broughton Site","Exist_AIWI_Type":"RCA"}},
{"type":"Feature","geometry":{"type":"Polygon","coordinates":[[[-126.8097,50.5922],[-126.823,50.605],[-126.8208,50.6067],[-126.83,50.6187],[-126.8783,50.5884],[-126.8506,50.5882],[-126.8365,50.5844],[-126.8586,50.5739],[-126.7756,50.5645],[-126.7876,50.5717],[-126.8097,50.5922]]]},"properties":{"UID":"S2_NVI_640","Category_Simple":"Existing MPA/RCA - 'as-is, where-is'","Area_km2":15.357860023299267,"SUBREGION":"NVI","EA_Common_site_name_Site_Profil":"Cormorant Channel Site","Exist_AIWI_Type":"RCA"}},
{"type":"Feature","geometry":{"type":"Polygon","coordinates":[[[-127.1267,50.7983],[-127.155,50.7617],[-127.0667,50.7383],[-127.04,50.7767],[-127.1267,50.7983]],[[-127.1143,50.7757],[-127.0971,50.7743],[-127.0885,50.7713],[-127.0896,50.7662],[-127.1038,50.7654],[-127.1143,50.7757]]]},"properties":{"UID":"S2_NVI_660","Category_Simple":"Existing MPA/RCA - 'as-is, where-is'","Area_km2":28.783510305351623,"SUBREGION":"NVI","EA_Common_site_name_Site_Profil":"Numas Island RCA","Exist_AIWI_Type":"RCA"}},
{"type":"Feature","geometry":{"type":"Polygon","coordinates":[[[-125.3207,50.2567],[-125.3272,50.2591],[-125.3453,50.26],[-125.3623,50.2702],[-125.3625,50.2476],[-125.3583,50.2437],[-125.3338,50.2453],[-125.3272,50.2428],[-125.3163,50.2455],[-125.3148,50.2529],[-125.3207,50.2567]]]},"properties":{"UID":"S2_NVI_609","Category_Simple":"Existing MPA/RCA - 'as-is, where-is'","Area_km2":6.613656327193521,"SUBREGION":"NVI","EA_Common_site_name_Site_Profil":"Octopus KanishBay Site","Exist_AIWI_Type":"RCA"}},
{"type":"Feature","geometry":{"type":"Polygon","coordinates":[[[-125.3148,50.2529],[-125.3052,50.2533],[-125.2785,50.2605],[-125.2874,50.265],[-125.3045,50.2559],[-125.3207,50.2567],[-125.3148,50.2529]]]},"properties":{"UID":"S2_NVI_610","Category_Simple":"Existing MPA/RCA - 'as-is, where-is'","Area_km2":1.245193708589064,"SUBREGION":"NVI","EA_Common_site_name_Site_Profil":"Octopus KanishBay Site","Exist_AIWI_Type":"BC MP and RCA"}},
{"type":"Feature","geometry":{"type":"Polygon","coordinates":[[[-125.3313,50.3752],[-125.3333,50.379],[-125.3366,50.3765],[-125.3325,50.3736],[-125.3313,50.3752]]]},"properties":{"UID":"S2_NVI_617","Category_Simple":"Existing MPA/RCA - 'as-is, where-is'","Area_km2":0.27286992658345854,"SUBREGION":"NVI","EA_Common_site_name_Site_Profil":"Thurston Bay Site","Exist_AIWI_Type":"BC MP"}},
{"type":"Feature","geometry":{"type":"Polygon","coordinates":[[[-126.5689,50.5],[-126.6281,50.5052],[-126.6286,50.4962],[-126.6183,50.4963],[-126.6079,50.4849],[-126.5971,50.4852],[-126.5882,50.4807],[-126.5726,50.4837],[-126.5684,50.4877],[-126.5367,50.4888],[-126.5168,50.4845],[-126.5038,50.4852],[-126.5033,50.4942],[-126.5689,50.5]]]},"properties":{"UID":"S2_NVI_639","Category_Simple":"Existing MPA/RCA - 'as-is, where-is'","Area_km2":12.666891488019399,"SUBREGION":"NVI","EA_Common_site_name_Site_Profil":"Robson Bight ER Site","Exist_AIWI_Type":"BC ER"}},
{"type":"Feature","geometry":{"type":"Polygon","coordinates":[[[-125.3229,50.3638],[-125.3123,50.3664],[-125.3158,50.3739],[-125.324,50.369],[-125.3324,50.3736],[-125.3505,50.3497],[-125.3258,50.3411],[-125.3125,50.3411],[-125.3047,50.3348],[-125.2978,50.3386],[-125.3132,50.3473],[-125.3255,50.3496],[-125.3357,50.3565],[-125.3346,50.3624],[-125.3229,50.3638]]]},"properties":{"UID":"S2_NVI_615","Category_Simple":"Existing MPA/RCA - 'as-is, where-is'","Area_km2":4.665413601756431,"SUBREGION":"NVI","EA_Common_site_name_Site_Profil":"Thurston Bay Site","Exist_AIWI_Type":"RCA"}},
{"type":"Feature","geometry":{"type":"Polygon","coordinates":[[[-127.5125,51.045],[-127.5065,51.0501],[-127.5038,51.0564],[-127.5065,51.0592],[-127.5157,51.045],[-127.5154,51.045],[-127.514,51.045],[-127.5125,51.045]]]},"properties":{"UID":"S2_NVI_678","Category_Simple":"Existing MPA/RCA - 'as-is, where-is'","Area_km2":0.4242181922835587,"SUBREGION":"NVI","EA_Common_site_name_Site_Profil":"Cape Caution Site","Exist_AIWI_Type":"BC MP"}},
{"type":"Feature","geometry":{"type":"MultiPolygon","coordinates":[[[[-128.3896,50.7276],[-128.3715,50.7328],[-128.3674,50.7455],[-128.3493,50.7597],[-128.3549,50.7718],[-128.3694,50.7531],[-128.3694,50.7474],[-128.3802,50.7366],[-128.3871,50.7358],[-128.4026,50.7398],[-128.3896,50.7276]]],[[[-128.3859,50.6848],[-128.3705,50.658],[-128.2921,50.6492],[-128.2833,50.6543],[-128.2871,50.6609],[-128.2755,50.6677],[-128.2733,50.6739],[-128.2924,50.678],[-128.3154,50.664],[-128.3285,50.6704],[-128.3437,50.6728],[-128.3447,50.6881],[-128.3546,50.6894],[-128.3541,50.6816],[-128.3604,50.6714],[-128.3734,50.6756],[-128.3775,50.6923],[-128.3859,50.6848]]]]},"properties":{"UID":"S2_NVI_682","Category_Simple":"Existing MPA/RCA - 'as-is, where-is'","Area_km2":19.502838505540865,"SUBREGION":"NVI","EA_Common_site_name_Site_Profil":"Scott Islands Site","Exist_AIWI_Type":"BC MP"}},
{"type":"Feature","geometry":{"type":"Polygon","coordinates":[[[-127.2069,50.6215],[-127.1943,50.6133],[-127.1818,50.6121],[-127.1793,50.6152],[-127.1976,50.6167],[-127.2063,50.622],[-127.2069,50.6215]]]},"properties":{"UID":"S2_NVI_658","Category_Simple":"Existing MPA/RCA - 'as-is, where-is'","Area_km2":0.8995026474787394,"SUBREGION":"NVI","EA_Common_site_name_Site_Profil":"Cluxewe Susquash Site","Exist_AIWI_Type":"BC WMA"}},
{"type":"Feature","geometry":{"type":"Polygon","coordinates":[[[-126.4948,50.7507],[-126.4952,50.7515],[-126.4958,50.7511],[-126.4948,50.7507]]]},"properties":{"UID":"S2_NVI_649","Category_Simple":"Existing MPA/RCA - 'as-is, where-is'","Area_km2":0.004162535575570661,"SUBREGION":"NVI","EA_Common_site_name_Site_Profil":"Echo Bay Marine Park Site","Exist_AIWI_Type":"BC MP"}},
{"type":"Feature","geometry":{"type":"Polygon","coordinates":[[[-124.8188,50.927],[-124.8248,50.9314],[-124.8589,50.9311],[-124.8486,50.9208],[-124.8188,50.927]]]},"properties":{"UID":"S2_NVI_600","Category_Simple":"Existing MPA/RCA - 'as-is, where-is'","Area_km2":2.0914348427080993,"SUBREGION":"NVI","EA_Common_site_name_Site_Profil":"Homathko Bute Site","Exist_AIWI_Type":"BC MP and RCA"}},
{"type":"Feature","geometry":{"type":"Polygon","coordinates":[[[-127.974,50.3246],[-127.9747,50.3263],[-127.9771,50.3257],[-127.9758,50.3239],[-127.9736,50.3242],[-127.974,50.3246]]]},"properties":{"UID":"S2_NVI_688","Category_Simple":"Existing MPA/RCA - 'as-is, where-is'","Area_km2":0.3973650653625444,"SUBREGION":"NVI","EA_Common_site_name_Site_Profil":"Brooks Bay Site","Exist_AIWI_Type":"BC MP"}},
{"type":"Feature","geometry":{"type":"Polygon","coordinates":[[[-127.573,50.5613],[-127.5468,50.5533],[-127.5316,50.5511],[-127.523,50.5385],[-127.5135,50.5442],[-127.5247,50.5492],[-127.5358,50.5604],[-127.573,50.5613]]]},"properties":{"UID":"S2_NVI_686","Category_Simple":"Existing MPA/RCA - 'as-is, where-is'","Area_km2":3.727636163606932,"SUBREGION":"NVI","EA_Common_site_name_Site_Profil":"Marble River Park Site","Exist_AIWI_Type":"BC MP"}},
{"type":"Feature","geometry":{"type":"Polygon","coordinates":[[[-127.116,51.3986],[-127.1243,51.3926],[-127.1239,51.3816],[-127.1169,51.3737],[-127.1065,51.383],[-127.1158,51.3879],[-127.116,51.3986]]]},"properties":{"UID":"S2_NVI_663","Category_Simple":"Existing MPA/RCA - 'as-is, where-is'","Area_km2":1.4032748899072685,"SUBREGION":"NVI","EA_Common_site_name_Site_Profil":"Nekite Estuary Site","Exist_AIWI_Type":"BC Cons"}},
{"type":"Feature","geometry":{"type":"Polygon","coordinates":[[[-125.1797,50.5203],[-125.1872,50.5166],[-125.2064,50.5151],[-125.2139,50.5099],[-125.2291,50.5069],[-125.2224,50.5019],[-125.1844,50.5103],[-125.1705,50.5115],[-125.1549,50.506],[-125.1411,50.5072],[-125.1387,50.514],[-125.1797,50.5203]]]},"properties":{"UID":"S2_NVI_619","Category_Simple":"Existing MPA/RCA - 'as-is, where-is'","Area_km2":6.480818703438429,"SUBREGION":"NVI","EA_Common_site_name_Site_Profil":"Pal?min/Estero Basin Conservancy Site","Exist_AIWI_Type":"BC Cons"}},
{"type":"Feature","geometry":{"type":"Polygon","coordinates":[[[-125.3674,50.5556],[-125.3766,50.5521],[-125.3711,50.5434],[-125.3622,50.5441],[-125.3674,50.5556]]]},"properties":{"UID":"S2_NVI_620","Category_Simple":"Existing MPA/RCA - 'as-is, where-is'","Area_km2":0.8875656629280295,"SUBREGION":"NVI","EA_Common_site_name_Site_Profil":"Phillips Estuary/?Nacinuxw Conservancy Site","Exist_AIWI_Type":"BC Cons"}},
{"type":"Feature","geometry":{"type":"Polygon","coordinates":[[[-127.4716,50.7049],[-127.4731,50.7081],[-127.4853,50.708],[-127.4753,50.699],[-127.4716,50.7049]]]},"properties":{"UID":"S2_NVI_664","Category_Simple":"Existing MPA/RCA - 'as-is, where-is'","Area_km2":0.7380087736196888,"SUBREGION":"NVI","EA_Common_site_name_Site_Profil":"Quatse Estuary Wildlife Management Area Site","Exist_AIWI_Type":"BC WMA"}},
{"type":"Feature","geometry":{"type":"Polygon","coordinates":[[[-127.8342,50.5065],[-127.8375,50.5081],[-127.8445,50.506],[-127.8446,50.5043],[-127.8369,50.5036],[-127.8401,50.5061],[-127.8342,50.5065]]]},"properties":{"UID":"S2_NVI_685","Category_Simple":"Existing MPA/RCA - 'as-is, where-is'","Area_km2":0.36912646123657183,"SUBREGION":"NVI","EA_Common_site_name_Site_Profil":"Quatsino Park Site","Exist_AIWI_Type":"BC MP"}},
{"type":"Feature","geometry":{"type":"Polygon","coordinates":[[[-126.677,50.5481],[-126.6822,50.5475],[-126.6102,50.522],[-126.5786,50.5175],[-126.5606,50.5187],[-126.5601,50.5212],[-126.5599,50.5221],[-126.5593,50.5248],[-126.5782,50.5194],[-126.5844,50.5228],[-126.5961,50.5222],[-126.6114,50.5262],[-126.6088,50.5321],[-126.62,50.5337],[-126.6249,50.5305],[-126.6274,50.5308],[-126.6361,50.5338],[-126.6383,50.5346],[-126.677,50.5481]]]},"properties":{"UID":"S2_NVI_638","Category_Simple":"Existing MPA/RCA - 'as-is, where-is'","Area_km2":4.32646279215853,"SUBREGION":"NVI","EA_Common_site_name_Site_Profil":"Qwiquallaaq BoatBay Conservancy Site","Exist_AIWI_Type":"BC Cons"}},
{"type":"Feature","geometry":{"type":"Polygon","coordinates":[[[-125.1916,50.1081],[-125.2019,50.106],[-125.1866,50.0921],[-125.1757,50.0935],[-125.1916,50.1081]]]},"properties":{"UID":"S2_NVI_603","Category_Simple":"Existing MPA/RCA - 'as-is, where-is'","Area_km2":1.4611076350762826,"SUBREGION":"NVI","EA_Common_site_name_Site_Profil":"Rebecca Spit Marine Park Site","Exist_AIWI_Type":"BC MP"}},
{"type":"Feature","geometry":{"type":"Polygon","coordinates":[[[-125.0385,50.2688],[-125.0429,50.2686],[-125.0418,50.2666],[-125.0438,50.2638],[-125.0328,50.2534],[-125.0225,50.2569],[-125.0233,50.2608],[-125.0385,50.2688]],[[-125.0397,50.2681],[-125.031,50.2647],[-125.0247,50.2605],[-125.0318,50.254],[-125.0425,50.2642],[-125.0397,50.2681]]]},"properties":{"UID":"S2_NVI_605","Category_Simple":"Existing MPA/RCA - 'as-is, where-is'","Area_km2":0.5105954144604811,"SUBREGION":"NVI","EA_Common_site_name_Site_Profil":"Rendezvous Island South Park Site","Exist_AIWI_Type":"BC MP"}},
{"type":"Feature","geometry":{"type":"Polygon","coordinates":[[[-125.4793,50.3364],[-125.4797,50.3287],[-125.4579,50.3293],[-125.4459,50.334],[-125.4388,50.3306],[-125.454,50.3249],[-125.4427,50.3185],[-125.4272,50.3185],[-125.4271,50.3397],[-125.4562,50.3352],[-125.4793,50.3364]]]},"properties":{"UID":"S2_NVI_614","Category_Simple":"Existing MPA/RCA - 'as-is, where-is'","Area_km2":4.807430343187101,"SUBREGION":"NVI","EA_Common_site_name_Site_Profil":"RockBay MarinePark Site","Exist_AIWI_Type":"BC MP"}},
{"type":"Feature","geometry":{"type":"Polygon","coordinates":[[[-127.7846,51.1833],[-127.7775,51.1761],[-127.772,51.1845],[-127.7849,51.1847],[-127.7846,51.1833]]]},"properties":{"UID":"S2_NVI_679","Category_Simple":"Existing MPA/RCA - 'as-is, where-is'","Area_km2":0.9370504953571211,"SUBREGION":"NVI","EA_Common_site_name_Site_Profil":"Cape Caution Site","Exist_AIWI_Type":"BC Cons"}},
{"type":"Feature","geometry":{"type":"Polygon","coordinates":[[[-126.513,51.0317],[-126.5157,51.0379],[-126.5362,51.035],[-126.5362,51.028],[-126.513,51.0317]]]},"properties":{"UID":"S2_NVI_632","Category_Simple":"Existing MPA/RCA - 'as-is, where-is'","Area_km2":1.2491150986741597,"SUBREGION":"NVI","EA_Common_site_name_Site_Profil":"Wakeman Site","Exist_AIWI_Type":"BC Cons and RCA"}},
{"type":"Feature","geometry":{"type":"Polygon","coordinates":[[[-126.6669,51.1952],[-126.6743,51.1918],[-126.6722,51.189],[-126.6564,51.1961],[-126.6669,51.1952]]]},"properties":{"UID":"S2_NVI_655","Category_Simple":"Existing MPA/RCA - 'as-is, where-is'","Area_km2":0.36597210459227925,"SUBREGION":"NVI","EA_Common_site_name_Site_Profil":"Wawley Seymour Estuary Conservancy Site","Exist_AIWI_Type":"BC Cons"}},
{"type":"Feature","geometry":{"type":"Polygon","coordinates":[[[-125.4289,50.7144],[-125.4218,50.7201],[-125.4373,50.718],[-125.4289,50.7144]]]},"properties":{"UID":"S2_NVI_6","Category_Simple":"Existing MPA/RCA - 'as-is, where-is'","Area_km2":1.1660982807832434,"SUBREGION":"NVI","EA_Common_site_name_Site_Profil":"Heydon Stafford Estuary and Loughborough Site","Exist_AIWI_Type":"BC Cons and RCA"}},
{"type":"Feature","geometry":{"type":"Polygon","coordinates":[[[-127.7326,50.2401],[-127.7348,50.2474],[-127.7287,50.2574],[-127.7331,50.2574],[-127.7345,50.2493],[-127.7551,50.2504],[-127.7699,50.2461],[-127.796,50.2481],[-127.8161,50.258],[-127.8209,50.2573],[-127.8487,50.2737],[-127.8593,50.2912],[-127.8479,50.2888],[-127.8329,50.2953],[-127.8193,50.2944],[-127.8049,50.3035],[-127.8034,50.3173],[-127.7803,50.313],[-127.7537,50.3024],[-127.7332,50.3022],[-127.7662,50.3178],[-127.7868,50.3246],[-127.8031,50.325],[-127.8145,50.3201],[-127.8252,50.3104],[-127.8388,50.3073],[-127.843,50.3115],[-127.8578,50.3129],[-127.8651,50.3171],[-127.8629,50.3244],[-127.873,50.331],[-127.8713,50.3398],[-127.8745,50.3443],[-127.9019,50.3395],[-127.913,50.3338],[-127.9213,50.3259],[-127.9323,50.324],[-127.9328,50.324],[-127.9397,50.3208],[-127.9395,50.3206],[-127.9397,50.3198],[-127.9403,50.3197],[-127.9496,50.3185],[-127.9534,50.3221],[-127.9703,50.3267],[-127.9736,50.3242],[-127.8649,50.2877],[-127.8652,50.2869],[-127.8089,50.2314],[-127.8088,50.2303],[-127.8983,50.1493],[-127.8771,50.155],[-127.8426,50.1739],[-127.8443,50.1859],[-127.838,50.1928],[-127.8051,50.2061],[-127.8101,50.2219],[-127.785,50.2407],[-127.7326,50.2401]]]},"properties":{"UID":"S2_NVI_690","Category_Simple":"Existing MPA/RCA - 'as-is, where-is'","Area_km2":57.38322825796787,"SUBREGION":"NVI","EA_Common_site_name_Site_Profil":"Brooks Bay Site","Exist_AIWI_Type":"RCA"}},
{"type":"Feature","geometry":{"type":"Polygon","coordinates":[[[-127.8983,50.1493],[-127.9086,50.1466],[-127.9274,50.1309],[-127.9205,50.1103],[-127.9158,50.1133],[-127.9198,50.1298],[-127.8983,50.1493]]]},"properties":{"UID":"S2_NVI_692","Category_Simple":"Existing MPA/RCA - 'as-is, where-is'","Area_km2":2.0684350473920357,"SUBREGION":"NVI","EA_Common_site_name_Site_Profil":"Brooks Bay Site","Exist_AIWI_Type":"BC MP"}},
{"type":"Feature","geometry":{"type":"Polygon","coordinates":[[[-127.8377,50.9333],[-127.8459,50.9241],[-127.8471,50.9149],[-127.8165,50.896],[-127.7924,50.903],[-127.7574,50.9105],[-127.7342,50.9064],[-127.7364,50.9161],[-127.8,50.93],[-127.8377,50.9333]],[[-127.8018,50.9231],[-127.7929,50.9183],[-127.7992,50.9102],[-127.8112,50.9105],[-127.8018,50.9231]]]},"properties":{"UID":"S2_NVI_672","Category_Simple":"Existing MPA/RCA - 'as-is, where-is'","Area_km2":17.4063363057533,"SUBREGION":"NVI","EA_Common_site_name_Site_Profil":"Nigei Island Gods Pocket Site","Exist_AIWI_Type":"RCA"}},
{"type":"Feature","geometry":{"type":"Polygon","coordinates":[[[-127.6546,50.832],[-127.6701,50.8357],[-127.697,50.8458],[-127.7374,50.8534],[-127.7455,50.8589],[-127.76,50.8613],[-127.7736,50.8577],[-127.7762,50.8624],[-127.7988,50.8634],[-127.8134,50.8709],[-127.835,50.8747],[-127.844,50.8804],[-127.8582,50.8536],[-127.8179,50.8467],[-127.8046,50.8423],[-127.7808,50.8414],[-127.7752,50.8385],[-127.7582,50.8367],[-127.7468,50.8319],[-127.729,50.8298],[-127.699,50.8195],[-127.669,50.815],[-127.6551,50.8096],[-127.6546,50.832]]]},"properties":{"UID":"S2_NVI_670","Category_Simple":"Existing MPA/RCA - 'as-is, where-is'","Area_km2":36.47654283619105,"SUBREGION":"NVI","EA_Common_site_name_Site_Profil":"Nigei Island Gods Pocket Site","Exist_AIWI_Type":"RCA"}},
{"type":"Feature","geometry":{"type":"Polygon","coordinates":[[[-127.6061,50.8241],[-127.5186,50.8231],[-127.5238,50.8334],[-127.5358,50.8352],[-127.5413,50.8327],[-127.5566,50.8367],[-127.5444,50.8411],[-127.5165,50.8359],[-127.516,50.8526],[-127.6052,50.8537],[-127.6061,50.8241]],[[-127.5797,50.8287],[-127.5965,50.8358],[-127.5902,50.8468],[-127.5779,50.8475],[-127.5777,50.8404],[-127.5584,50.8369],[-127.5569,50.8317],[-127.5797,50.8287]]]},"properties":{"UID":"S2_NVI_666","Category_Simple":"Existing MPA/RCA - 'as-is, where-is'","Area_km2":14.870849607024908,"SUBREGION":"NVI","EA_Common_site_name_Site_Profil":"Nigei Island Gods Pocket Site","Exist_AIWI_Type":"BC MP"}},
{"type":"Feature","geometry":{"type":"MultiPolygon","coordinates":[[[[-127.6534,50.8474],[-127.6643,50.8596],[-127.6682,50.8553],[-127.6606,50.8425],[-127.6534,50.8474]]],[[[-127.6811,50.91],[-127.6968,50.9014],[-127.6612,50.8699],[-127.6525,50.8535],[-127.6429,50.8432],[-127.6314,50.8422],[-127.6382,50.8551],[-127.6473,50.8626],[-127.6481,50.8756],[-127.6811,50.91]]]]},"properties":{"UID":"S2_NVI_671","Category_Simple":"Existing MPA/RCA - 'as-is, where-is'","Area_km2":9.818851152050085,"SUBREGION":"NVI","EA_Common_site_name_Site_Profil":"Nigei Island Gods Pocket Site","Exist_AIWI_Type":"RCA"}},
{"type":"Feature","geometry":{"type":"Polygon","coordinates":[[[-127.4868,50.7421],[-127.484,50.7439],[-127.4869,50.7457],[-127.4897,50.7439],[-127.4868,50.7421]]]},"properties":{"UID":"S2_NVI_665","Category_Simple":"Existing MPA/RCA - 'as-is, where-is'","Area_km2":0.12566344399349932,"SUBREGION":"NVI","EA_Common_site_name_Site_Profil":"Hardy Bay Five Fathom Rk RCA","Exist_AIWI_Type":"RCA"}},
{"type":"Feature","geometry":{"type":"Polygon","coordinates":[[[-127.7343,51.0358],[-127.7492,51.034],[-127.7447,51.0295],[-127.7291,51.0226],[-127.707,51.0178],[-127.7029,51.0188],[-127.7049,51.0194],[-127.7081,51.0206],[-127.7119,51.0219],[-127.7126,51.0222],[-127.7129,51.0222],[-127.7203,51.0248],[-127.7207,51.0249],[-127.728,51.0275],[-127.7282,51.0275],[-127.7333,51.0293],[-127.7351,51.0299],[-127.7373,51.0307],[-127.7375,51.0307],[-127.7403,51.0318],[-127.7431,51.0327],[-127.7439,51.033],[-127.7343,51.0358]]]},"properties":{"UID":"S2_NVI_673","Category_Simple":"Existing MPA/RCA - 'as-is, where-is'","Area_km2":2.6547485185893467,"SUBREGION":"NVI","EA_Common_site_name_Site_Profil":"Cape Caution Site","Exist_AIWI_Type":"BC ER"}},
{"type":"Feature","geometry":{"type":"Polygon","coordinates":[[[-127.7343,51.0358],[-127.7439,51.033],[-127.7431,51.0327],[-127.7403,51.0318],[-127.7375,51.0307],[-127.7373,51.0307],[-127.7351,51.0299],[-127.7333,51.0293],[-127.7282,51.0275],[-127.728,51.0275],[-127.7207,51.0249],[-127.7203,51.0248],[-127.7129,51.0222],[-127.7126,51.0222],[-127.7119,51.0219],[-127.7081,51.0206],[-127.7049,51.0194],[-127.7029,51.0188],[-127.6956,51.0192],[-127.6953,51.0192],[-127.6965,51.0222],[-127.7244,51.0303],[-127.7343,51.0358]]]},"properties":{"UID":"S2_NVI_674","Category_Simple":"Existing MPA/RCA - 'as-is, where-is'","Area_km2":1.5645283197443915,"SUBREGION":"NVI","EA_Common_site_name_Site_Profil":"Cape Caution Site","Exist_AIWI_Type":"BC ER and RCA"}},
{"type":"Feature","geometry":{"type":"Polygon","coordinates":[[[-127.5279,50.885],[-127.5366,50.8909],[-127.5176,50.8996],[-127.5192,50.9026],[-127.5214,50.905],[-127.5217,50.9053],[-127.5222,50.9059],[-127.5432,50.9273],[-127.5436,50.9275],[-127.5507,50.9258],[-127.5514,50.9256],[-127.5812,50.9186],[-127.5812,50.9174],[-127.5769,50.9132],[-127.5755,50.9117],[-127.5717,50.908],[-127.5714,50.9071],[-127.5811,50.9026],[-127.5876,50.9],[-127.5878,50.8999],[-127.5878,50.8998],[-127.5967,50.8933],[-127.5567,50.8717],[-127.5279,50.885]],[[-127.5462,50.9176],[-127.53,50.9068],[-127.5369,50.905],[-127.5487,50.9076],[-127.5557,50.9143],[-127.5462,50.9176]]]},"properties":{"UID":"S2_NVI_668","Category_Simple":"Existing MPA/RCA - 'as-is, where-is'","Area_km2":16.497034058725102,"SUBREGION":"NVI","EA_Common_site_name_Site_Profil":"Deserters Bolivar Site","Exist_AIWI_Type":"BC Cons and RCA"}},
{"type":"Feature","geometry":{"type":"Polygon","coordinates":[[[-126.8097,50.5922],[-126.7958,50.5932],[-126.7912,50.5813],[-126.7813,50.5811],[-126.7719,50.585],[-126.7826,50.5898],[-126.7938,50.6012],[-126.808,50.6015],[-126.8076,50.6093],[-126.8208,50.6067],[-126.8187,50.604],[-126.8184,50.6035],[-126.8097,50.5922]]]},"properties":{"UID":"S2_NVI_641","Category_Simple":"Existing MPA/RCA - 'as-is, where-is'","Area_km2":3.2003722781986914,"SUBREGION":"NVI","EA_Common_site_name_Site_Profil":"Cormorant Channel Site","Exist_AIWI_Type":"BC MP"}},
{"type":"Feature","geometry":{"type":"MultiPolygon","coordinates":[[[[-126.8714,50.5837],[-126.8552,50.5776],[-126.8637,50.5747],[-126.8586,50.5739],[-126.8365,50.5844],[-126.8506,50.5882],[-126.8783,50.5884],[-126.879,50.588],[-126.8714,50.5837]]],[[[-126.8097,50.5922],[-126.8184,50.6035],[-126.8187,50.604],[-126.8208,50.6067],[-126.823,50.605],[-126.8097,50.5922]]]]},"properties":{"UID":"S2_NVI_642","Category_Simple":"Existing MPA/RCA - 'as-is, where-is'","Area_km2":2.1029053131077995,"SUBREGION":"NVI","EA_Common_site_name_Site_Profil":"Cormorant Channel Site","Exist_AIWI_Type":"BC MP and RCA"}},
{"type":"Feature","geometry":{"type":"MultiPolygon","coordinates":[[[[-125.3325,50.3736],[-125.3324,50.3736],[-125.324,50.369],[-125.3158,50.3739],[-125.3169,50.3789],[-125.3313,50.3752],[-125.3325,50.3736]]],[[[-125.3132,50.3473],[-125.3219,50.3499],[-125.333,50.3572],[-125.3229,50.3638],[-125.3346,50.3624],[-125.3357,50.3565],[-125.3255,50.3496],[-125.3132,50.3473]]]]},"properties":{"UID":"S2_NVI_616","Category_Simple":"Existing MPA/RCA - 'as-is, where-is'","Area_km2":1.773934097763729,"SUBREGION":"NVI","EA_Common_site_name_Site_Profil":"Thurston Bay Site","Exist_AIWI_Type":"BC MP and RCA"}},
{"type":"Feature","geometry":{"type":"Polygon","coordinates":[[[-124.8589,50.9311],[-124.8515,50.913],[-124.8542,50.9013],[-124.8713,50.8884],[-124.8819,50.886],[-124.8948,50.8718],[-124.9012,50.8611],[-124.8978,50.8526],[-124.91,50.8436],[-124.9121,50.8366],[-124.8592,50.8317],[-124.844,50.8455],[-124.8419,50.8607],[-124.8378,50.8725],[-124.8284,50.8728],[-124.8187,50.8802],[-124.8029,50.8881],[-124.7914,50.8856],[-124.7906,50.8992],[-124.7968,50.906],[-124.7997,50.9148],[-124.8188,50.927],[-124.8486,50.9208],[-124.8589,50.9311]]]},"properties":{"UID":"S2_NVI_601","Category_Simple":"Existing MPA/RCA - 'as-is, where-is'","Area_km2":42.44218192556826,"SUBREGION":"NVI","EA_Common_site_name_Site_Profil":"Homathko Bute Site","Exist_AIWI_Type":"RCA"}},
{"type":"Feature","geometry":{"type":"Polygon","coordinates":[[[-125.1163,50.095],[-125.1139,50.1083],[-125.1617,50.1083],[-125.1617,50.095],[-125.1163,50.095]]]},"properties":{"UID":"S2_NVI_602","Category_Simple":"Existing MPA/RCA - 'as-is, where-is'","Area_km2":4.915938053653449,"SUBREGION":"NVI","EA_Common_site_name_Site_Profil":"Heriot Bay RCA","Exist_AIWI_Type":"RCA"}},
{"type":"Feature","geometry":{"type":"Polygon","coordinates":[[[-125.0797,50.1399],[-125.0413,50.1549],[-125.0213,50.1647],[-125.0064,50.1745],[-125.0048,50.1789],[-125.0799,50.1782],[-125.0911,50.1741],[-125.099,50.1674],[-125.1034,50.1589],[-125.1019,50.1486],[-125.0797,50.1399]]]},"properties":{"UID":"S2_NVI_604","Category_Simple":"Existing MPA/RCA - 'as-is, where-is'","Area_km2":17.486968662977443,"SUBREGION":"NVI","EA_Common_site_name_Site_Profil":"Read Cortes Island RCA","Exist_AIWI_Type":"RCA"}},
{"type":"Feature","geometry":{"type":"Polygon","coordinates":[[[-125.3812,50.1365],[-125.3899,50.128],[-125.3803,50.1174],[-125.3672,50.1139],[-125.3502,50.1161],[-125.3609,50.1285],[-125.3685,50.1273],[-125.3812,50.1365]]]},"properties":{"UID":"S2_NVI_613","Category_Simple":"Existing MPA/RCA - 'as-is, where-is'","Area_km2":3.8378675412882965,"SUBREGION":"NVI","EA_Common_site_name_Site_Profil":"Menzies Bay RCA","Exist_AIWI_Type":"RCA"}},
{"type":"Feature","geometry":{"type":"Polygon","coordinates":[[[-125.3481,50.181],[-125.3358,50.1709],[-125.3251,50.1777],[-125.3384,50.191],[-125.3481,50.181]]]},"properties":{"UID":"S2_NVI_611","Category_Simple":"Existing MPA/RCA - 'as-is, where-is'","Area_km2":1.7968346764875929,"SUBREGION":"NVI","EA_Common_site_name_Site_Profil":"Deepwater Bay RCA","Exist_AIWI_Type":"RCA"}},
{"type":"Feature","geometry":{"type":"Polygon","coordinates":[[[-125.2973,50.1145],[-125.3067,50.127],[-125.3142,50.1323],[-125.324,50.1342],[-125.3387,50.1288],[-125.2973,50.1145]]]},"properties":{"UID":"S2_NVI_612","Category_Simple":"Existing MPA/RCA - 'as-is, where-is'","Area_km2":2.9981032978220616,"SUBREGION":"NVI","EA_Common_site_name_Site_Profil":"Maud Island RCA","Exist_AIWI_Type":"RCA"}},
{"type":"Feature","geometry":{"type":"Polygon","coordinates":[[[-125.3557,50.3917],[-125.3778,50.3963],[-125.3812,50.3929],[-125.3743,50.3824],[-125.383,50.3733],[-125.3829,50.3668],[-125.4078,50.3608],[-125.4241,50.3601],[-125.4327,50.3534],[-125.4574,50.3479],[-125.4605,50.3532],[-125.4818,50.3523],[-125.4958,50.3567],[-125.4975,50.3618],[-125.5106,50.3712],[-125.5271,50.3749],[-125.5488,50.3755],[-125.525,50.3576],[-125.4664,50.3453],[-125.4517,50.3433],[-125.375,50.365],[-125.3517,50.3883],[-125.3557,50.3917]]]},"properties":{"UID":"S2_NVI_618","Category_Simple":"Existing MPA/RCA - 'as-is, where-is'","Area_km2":13.279658488734892,"SUBREGION":"NVI","EA_Common_site_name_Site_Profil":"Walken Island Hemming Bay RCA","Exist_AIWI_Type":"RCA"}},
{"type":"Feature","geometry":{"type":"Polygon","coordinates":[[[-125.5249,50.4462],[-125.5293,50.4508],[-125.544,50.448],[-125.553,50.4502],[-125.5785,50.4479],[-125.5932,50.4493],[-125.5908,50.4384],[-125.5554,50.4435],[-125.5392,50.4433],[-125.5249,50.4462]]]},"properties":{"UID":"S2_NVI_621","Category_Simple":"Existing MPA/RCA - 'as-is, where-is'","Area_km2":3.4366123767416457,"SUBREGION":"NVI","EA_Common_site_name_Site_Profil":"Chancellor Inlet East RCA","Exist_AIWI_Type":"RCA"}},
{"type":"Feature","geometry":{"type":"Polygon","coordinates":[[[-125.4373,50.718],[-125.4543,50.7134],[-125.4615,50.7196],[-125.4724,50.7166],[-125.475,50.7128],[-125.4635,50.6997],[-125.4667,50.6895],[-125.4804,50.6829],[-125.5032,50.6776],[-125.5232,50.6767],[-125.5335,50.666],[-125.5347,50.6551],[-125.5401,50.6484],[-125.5548,50.6373],[-125.5588,50.6283],[-125.5573,50.608],[-125.553,50.6083],[-125.5347,50.6098],[-125.5337,50.6099],[-125.5341,50.6175],[-125.5282,50.6345],[-125.518,50.6474],[-125.5173,50.6538],[-125.509,50.6604],[-125.5069,50.6689],[-125.4852,50.6669],[-125.4584,50.6738],[-125.4508,50.6855],[-125.4514,50.6928],[-125.4444,50.6964],[-125.4403,50.7039],[-125.4281,50.7106],[-125.4289,50.7144],[-125.4373,50.718]]]},"properties":{"UID":"S2_NVI_5","Category_Simple":"Existing MPA/RCA - 'as-is, where-is'","Area_km2":24.77591211686989,"SUBREGION":"NVI","EA_Common_site_name_Site_Profil":"Heydon Stafford Estuary and Loughborough Site","Exist_AIWI_Type":"RCA"}},
{"type":"Feature","geometry":{"type":"Polygon","coordinates":[[[-125.6326,50.44],[-125.6501,50.4346],[-125.6572,50.4287],[-125.6712,50.4279],[-125.6878,50.4245],[-125.7104,50.4228],[-125.7196,50.432],[-125.7368,50.441],[-125.736,50.4324],[-125.7397,50.4233],[-125.7263,50.4135],[-125.7144,50.4084],[-125.6971,50.4067],[-125.6766,50.4122],[-125.6571,50.413],[-125.6374,50.4252],[-125.625,50.4275],[-125.6326,50.44]]]},"properties":{"UID":"S2_NVI_622","Category_Simple":"Existing MPA/RCA - 'as-is, where-is'","Area_km2":13.769165403257098,"SUBREGION":"NVI","EA_Common_site_name_Site_Profil":"Chancellor Inlet West RCA","Exist_AIWI_Type":"RCA"}},
{"type":"Feature","geometry":{"type":"Polygon","coordinates":[[[-125.7693,50.4678],[-125.7646,50.4732],[-125.7477,50.4791],[-125.7268,50.482],[-125.7116,50.4821],[-125.6995,50.4862],[-125.7063,50.4911],[-125.7556,50.4835],[-125.7697,50.4734],[-125.7693,50.4678]]]},"properties":{"UID":"S2_NVI_623","Category_Simple":"Existing MPA/RCA - 'as-is, where-is'","Area_km2":3.2216383695750426,"SUBREGION":"NVI","EA_Common_site_name_Site_Profil":"Forward Harbour RCA","Exist_AIWI_Type":"RCA"}},
{"type":"Feature","geometry":{"type":"Polygon","coordinates":[[[-125.8481,50.4959],[-125.8617,50.496],[-125.886,50.4909],[-125.9122,50.4749],[-125.9011,50.4604],[-125.8786,50.462],[-125.8388,50.4723],[-125.818,50.4736],[-125.8079,50.4713],[-125.7799,50.4815],[-125.7634,50.4814],[-125.7632,50.4852],[-125.7771,50.4905],[-125.7892,50.4922],[-125.8096,50.4873],[-125.8172,50.4899],[-125.8481,50.4959]]]},"properties":{"UID":"S2_NVI_624","Category_Simple":"Existing MPA/RCA - 'as-is, where-is'","Area_km2":22.858964372840813,"SUBREGION":"NVI","EA_Common_site_name_Site_Profil":"Welborne RCA","Exist_AIWI_Type":"RCA"}},
{"type":"Feature","geometry":{"type":"Polygon","coordinates":[[[-126.1262,50.5931],[-126.1108,50.5906],[-126.1029,50.5981],[-126.0711,50.6],[-126.0616,50.6031],[-126.0529,50.6102],[-126.036,50.6092],[-126.0312,50.6124],[-126.0048,50.6111],[-125.9997,50.6192],[-125.9607,50.6221],[-125.9474,50.6278],[-125.9384,50.6372],[-125.9574,50.6387],[-125.9746,50.6424],[-125.9855,50.6367],[-125.9999,50.6342],[-126.0108,50.6267],[-126.04,50.619],[-126.0464,50.6207],[-126.0749,50.6178],[-126.0963,50.6113],[-126.1041,50.6065],[-126.1309,50.5979],[-126.1262,50.5931]]]},"properties":{"UID":"S2_NVI_625","Category_Simple":"Existing MPA/RCA - 'as-is, where-is'","Area_km2":20.828101508712873,"SUBREGION":"NVI","EA_Common_site_name_Site_Profil":"Upper Call Inlet RCA","Exist_AIWI_Type":"RCA"}},
{"type":"Feature","geometry":{"type":"Polygon","coordinates":[[[-126.1804,50.585],[-126.1896,50.5802],[-126.1989,50.58],[-126.2063,50.5871],[-126.2165,50.5791],[-126.2075,50.5771],[-126.2063,50.5652],[-126.2245,50.5562],[-126.2212,50.5474],[-126.2345,50.5473],[-126.2462,50.5385],[-126.2516,50.5405],[-126.2705,50.5355],[-126.2807,50.5381],[-126.2686,50.5443],[-126.2676,50.548],[-126.2793,50.5542],[-126.2918,50.5399],[-126.319,50.5242],[-126.335,50.523],[-126.3415,50.5203],[-126.3623,50.5198],[-126.3934,50.5284],[-126.4095,50.5167],[-126.3499,50.5123],[-126.2776,50.5117],[-126.2869,50.5231],[-126.2844,50.5273],[-126.2532,50.5266],[-126.2343,50.5327],[-126.224,50.5306],[-126.2137,50.538],[-126.1954,50.5346],[-126.1817,50.5205],[-126.172,50.5211],[-126.1789,50.5367],[-126.1856,50.5386],[-126.1899,50.5505],[-126.1864,50.5618],[-126.1907,50.5688],[-126.1725,50.5756],[-126.1804,50.585]],[[-126.2063,50.5578],[-126.1997,50.5528],[-126.1995,50.5435],[-126.2102,50.5474],[-126.2117,50.5556],[-126.2063,50.5578]]]},"properties":{"UID":"S2_NVI_626","Category_Simple":"Existing MPA/RCA - 'as-is, where-is'","Area_km2":31.84284173686344,"SUBREGION":"NVI","EA_Common_site_name_Site_Profil":"Havannah Channel RCA","Exist_AIWI_Type":"RCA"}},
{"type":"Feature","geometry":{"type":"Polygon","coordinates":[[[-126.4591,50.5893],[-126.4892,50.5753],[-126.5018,50.5797],[-126.5088,50.5906],[-126.5155,50.5884],[-126.533,50.59],[-126.5347,50.5825],[-126.5178,50.5775],[-126.5103,50.5653],[-126.5303,50.5579],[-126.5097,50.5528],[-126.5001,50.5555],[-126.4783,50.5563],[-126.4537,50.5653],[-126.4587,50.5716],[-126.4591,50.5893]]]},"properties":{"UID":"S2_NVI_634","Category_Simple":"Existing MPA/RCA - 'as-is, where-is'","Area_km2":13.661649074247027,"SUBREGION":"NVI","EA_Common_site_name_Site_Profil":"Lower Clio Channel RCA","Exist_AIWI_Type":"RCA"}},
{"type":"Feature","geometry":{"type":"Polygon","coordinates":[[[-126.461,50.6728],[-126.4536,50.6783],[-126.4645,50.684],[-126.4735,50.678],[-126.4814,50.6793],[-126.4965,50.6731],[-126.5089,50.6748],[-126.51,50.6661],[-126.5181,50.6576],[-126.4925,50.6569],[-126.486,50.6614],[-126.4866,50.6677],[-126.4692,50.6692],[-126.461,50.6728]]]},"properties":{"UID":"S2_NVI_633","Category_Simple":"Existing MPA/RCA - 'as-is, where-is'","Area_km2":5.985098292191559,"SUBREGION":"NVI","EA_Common_site_name_Site_Profil":"Port Elizabeth RCA","Exist_AIWI_Type":"RCA"}},
{"type":"Feature","geometry":{"type":"Polygon","coordinates":[[[-126.0204,50.7853],[-126.0675,50.7874],[-126.0883,50.781],[-126.1126,50.7784],[-126.1185,50.7692],[-126.1268,50.7712],[-126.139,50.7696],[-126.1239,50.7432],[-126.114,50.7471],[-126.1108,50.755],[-126.0952,50.7591],[-126.0815,50.7652],[-126.0741,50.7715],[-126.0627,50.7753],[-126.0494,50.776],[-126.0227,50.782],[-126.0204,50.7853]]]},"properties":{"UID":"S2_NVI_628","Category_Simple":"Existing MPA/RCA - 'as-is, where-is'","Area_km2":13.802835382080524,"SUBREGION":"NVI","EA_Common_site_name_Site_Profil":"Thompson Sound RCA","Exist_AIWI_Type":"RCA"}},
{"type":"Feature","geometry":{"type":"Polygon","coordinates":[[[-126.2611,50.8439],[-126.2532,50.8497],[-126.2473,50.8601],[-126.2514,50.8636],[-126.2653,50.8604],[-126.2798,50.8462],[-126.2611,50.8439]]]},"properties":{"UID":"S2_NVI_629","Category_Simple":"Existing MPA/RCA - 'as-is, where-is'","Area_km2":3.375529715933584,"SUBREGION":"NVI","EA_Common_site_name_Site_Profil":"Kwatsi Bay RCA","Exist_AIWI_Type":"RCA"}},
{"type":"Feature","geometry":{"type":"Polygon","coordinates":[[[-126.8084,50.6894],[-126.8042,50.735],[-126.815,50.7367],[-126.8717,50.7083],[-126.8484,50.6967],[-126.8084,50.6894]]]},"properties":{"UID":"S2_NVI_650","Category_Simple":"Existing MPA/RCA - 'as-is, where-is'","Area_km2":14.030997685407621,"SUBREGION":"NVI","EA_Common_site_name_Site_Profil":"Salmon Channel RCA","Exist_AIWI_Type":"RCA"}},
{"type":"Feature","geometry":{"type":"Polygon","coordinates":[[[-126.4206,50.9033],[-126.4153,50.8959],[-126.4271,50.8879],[-126.4338,50.8875],[-126.4532,50.8794],[-126.4366,50.8764],[-126.4291,50.8804],[-126.4154,50.8829],[-126.412,50.8886],[-126.4032,50.8903],[-126.4008,50.8981],[-126.4036,50.9042],[-126.4206,50.9033]]]},"properties":{"UID":"S2_NVI_630","Category_Simple":"Existing MPA/RCA - 'as-is, where-is'","Area_km2":5.026655898439882,"SUBREGION":"NVI","EA_Common_site_name_Site_Profil":"Belleisle Sound RCA","Exist_AIWI_Type":"RCA"}},
{"type":"Feature","geometry":{"type":"Polygon","coordinates":[[[-126.5362,51.028],[-126.5479,51.0118],[-126.5499,51.0027],[-126.5421,50.9967],[-126.503,50.9967],[-126.509,51.0076],[-126.5047,51.021],[-126.513,51.0317],[-126.5362,51.028]]]},"properties":{"UID":"S2_NVI_631","Category_Simple":"Existing MPA/RCA - 'as-is, where-is'","Area_km2":9.740931925716978,"SUBREGION":"NVI","EA_Common_site_name_Site_Profil":"Wakeman Site","Exist_AIWI_Type":"RCA"}},
{"type":"Feature","geometry":{"type":"Polygon","coordinates":[[[-126.7345,50.9291],[-126.7274,50.9271],[-126.7146,50.9291],[-126.685,50.9288],[-126.6853,50.9357],[-126.7102,50.952],[-126.7166,50.9481],[-126.6988,50.9383],[-126.714,50.9313],[-126.7248,50.9396],[-126.7345,50.9396],[-126.7345,50.9291]]]},"properties":{"UID":"S2_NVI_653","Category_Simple":"Existing MPA/RCA - 'as-is, where-is'","Area_km2":3.9763817605976435,"SUBREGION":"NVI","EA_Common_site_name_Site_Profil":"Mackenzie Nimmo RCA","Exist_AIWI_Type":"RCA"}},
{"type":"Feature","geometry":{"type":"Polygon","coordinates":[[[-126.775,50.9344],[-126.7979,50.947],[-126.812,50.95],[-126.8101,50.9537],[-126.7932,50.9551],[-126.7818,50.9582],[-126.7762,50.9649],[-126.7924,50.9714],[-126.788,50.9778],[-126.7863,50.9974],[-126.7783,51.0041],[-126.7786,51.0184],[-126.7866,51.02],[-126.7974,51.0016],[-126.7953,50.9909],[-126.7992,50.9868],[-126.7993,50.9676],[-126.7942,50.963],[-126.7975,50.9578],[-126.8107,50.9542],[-126.8235,50.9569],[-126.8222,50.9478],[-126.8145,50.9455],[-126.8023,50.9345],[-126.7975,50.9378],[-126.7766,50.9316],[-126.7959,50.9235],[-126.7842,50.913],[-126.7831,50.9233],[-126.775,50.9259],[-126.775,50.9344]]]},"properties":{"UID":"S2_NVI_654","Category_Simple":"Existing MPA/RCA - 'as-is, where-is'","Area_km2":10.51503898963249,"SUBREGION":"NVI","EA_Common_site_name_Site_Profil":"BurleyBay NepahLagoon RCA","Exist_AIWI_Type":"RCA"}},
{"type":"Feature","geometry":{"type":"MultiPolygon","coordinates":[[[[-126.1851,50.6703],[-126.1831,50.6739],[-126.197,50.6879],[-126.2021,50.6857],[-126.1937,50.668],[-126.1851,50.6703]]],[[[-126.2162,50.7267],[-126.2285,50.7255],[-126.2409,50.7165],[-126.2382,50.7063],[-126.2583,50.6986],[-126.2642,50.693],[-126.2631,50.6848],[-126.2541,50.675],[-126.2648,50.6638],[-126.2684,50.6552],[-126.2834,50.6537],[-126.2886,50.6578],[-126.301,50.6501],[-126.2661,50.6499],[-126.2452,50.6592],[-126.2384,50.6568],[-126.2169,50.6649],[-126.227,50.6764],[-126.2233,50.6871],[-126.2261,50.6968],[-126.218,50.7043],[-126.2176,50.7117],[-126.1984,50.7134],[-126.2022,50.7261],[-126.2162,50.7267]]]]},"properties":{"UID":"S2_NVI_627","Category_Simple":"Existing MPA/RCA - 'as-is, where-is'","Area_km2":21.963998863823907,"SUBREGION":"NVI","EA_Common_site_name_Site_Profil":"Viscount Island RCA","Exist_AIWI_Type":"RCA"}},
{"type":"Feature","geometry":{"type":"Polygon","coordinates":[[[-126.5606,50.5187],[-126.5617,50.5133],[-126.52,50.5117],[-126.5204,50.5203],[-126.5313,50.5245],[-126.5479,50.5259],[-126.5482,50.5254],[-126.5527,50.5193],[-126.5606,50.5187]]]},"properties":{"UID":"S2_NVI_635","Category_Simple":"Existing MPA/RCA - 'as-is, where-is'","Area_km2":3.2285231328444044,"SUBREGION":"NVI","EA_Common_site_name_Site_Profil":"Qwiquallaaq BoatBay Conservancy Site","Exist_AIWI_Type":"RCA"}},
{"type":"Feature","geometry":{"type":"Polygon","coordinates":[[[-127.0234,50.583],[-127.0067,50.61],[-127.0383,50.6026],[-127.0234,50.583]]]},"properties":{"UID":"S2_NVI_657","Category_Simple":"Existing MPA/RCA - 'as-is, where-is'","Area_km2":2.472596424050417,"SUBREGION":"NVI","EA_Common_site_name_Site_Profil":"Haddington Passage RCA","Exist_AIWI_Type":"RCA"}},
{"type":"Feature","geometry":{"type":"Polygon","coordinates":[[[-127.2063,50.622],[-127.1967,50.63],[-127.2667,50.665],[-127.2826,50.6588],[-127.2771,50.6512],[-127.2579,50.6464],[-127.2415,50.6368],[-127.2317,50.6351],[-127.2069,50.6215],[-127.2063,50.622]]]},"properties":{"UID":"S2_NVI_659","Category_Simple":"Existing MPA/RCA - 'as-is, where-is'","Area_km2":8.273358269248414,"SUBREGION":"NVI","EA_Common_site_name_Site_Profil":"Cluxewe Susquash Site","Exist_AIWI_Type":"RCA"}},
{"type":"Feature","geometry":{"type":"Polygon","coordinates":[[[-127.1379,50.9344],[-127.1406,50.9363],[-127.1757,50.9271],[-127.1501,50.9206],[-127.1449,50.9107],[-127.1364,50.911],[-127.1195,50.9059],[-127.1079,50.9053],[-127.0834,50.8998],[-127.0837,50.9214],[-127.1016,50.9169],[-127.1164,50.9205],[-127.1379,50.9344]]]},"properties":{"UID":"S2_NVI_661","Category_Simple":"Existing MPA/RCA - 'as-is, where-is'","Area_km2":11.479830720769932,"SUBREGION":"NVI","EA_Common_site_name_Site_Profil":"Drury Inlet Muirhead Islands RCA","Exist_AIWI_Type":"RCA"}},
{"type":"Feature","geometry":{"type":"Polygon","coordinates":[[[-127.1807,50.8725],[-127.1898,50.8738],[-127.2044,50.883],[-127.219,50.8855],[-127.2464,50.8998],[-127.2703,50.9139],[-127.2507,50.9203],[-127.2508,50.9231],[-127.2762,50.9284],[-127.2857,50.9334],[-127.2921,50.9294],[-127.2623,50.9225],[-127.2666,50.9155],[-127.2741,50.9158],[-127.2822,50.9109],[-127.2963,50.9104],[-127.2978,50.9006],[-127.3083,50.9033],[-127.3123,50.908],[-127.3261,50.9031],[-127.3367,50.9056],[-127.3449,50.9221],[-127.3513,50.9223],[-127.3658,50.9285],[-127.3691,50.9219],[-127.3656,50.9169],[-127.3349,50.8986],[-127.3275,50.8956],[-127.3129,50.8989],[-127.2495,50.8849],[-127.2122,50.8717],[-127.1807,50.8725]]]},"properties":{"UID":"S2_NVI_662","Category_Simple":"Existing MPA/RCA - 'as-is, where-is'","Area_km2":18.25382653956548,"SUBREGION":"NVI","EA_Common_site_name_Site_Profil":"Browning Island to Raynor Group RCA","Exist_AIWI_Type":"RCA"}},
{"type":"Feature","geometry":{"type":"Polygon","coordinates":[[[-127.4082,50.9269],[-127.4029,50.9322],[-127.4262,50.9391],[-127.4354,50.9483],[-127.45,50.9536],[-127.4517,50.9633],[-127.4208,50.9594],[-127.4339,50.9702],[-127.4491,50.9733],[-127.4581,50.9782],[-127.5033,50.9683],[-127.5031,50.9553],[-127.4159,50.9296],[-127.4082,50.9269]]]},"properties":{"UID":"S2_NVI_669","Category_Simple":"Existing MPA/RCA - 'as-is, where-is'","Area_km2":15.38923330356654,"SUBREGION":"NVI","EA_Common_site_name_Site_Profil":"Shelter Bay RCA","Exist_AIWI_Type":"RCA"}},
{"type":"Feature","geometry":{"type":"Polygon","coordinates":[[[-126.5606,50.5187],[-126.5527,50.5193],[-126.5482,50.5254],[-126.5479,50.5259],[-126.5593,50.5248],[-126.5599,50.5221],[-126.5601,50.5212],[-126.5606,50.5187]]]},"properties":{"UID":"S2_NVI_636","Category_Simple":"Existing MPA/RCA - 'as-is, where-is'","Area_km2":0.4124151947442876,"SUBREGION":"NVI","EA_Common_site_name_Site_Profil":"Qwiquallaaq BoatBay Conservancy Site","Exist_AIWI_Type":"BC Cons and RCA"}},
{"type":"Feature","geometry":{"type":"Polygon","coordinates":[[[-126.62,50.5337],[-126.639,50.5425],[-126.677,50.5481],[-126.6383,50.5346],[-126.6361,50.5338],[-126.6274,50.5308],[-126.6249,50.5305],[-126.62,50.5337]]]},"properties":{"UID":"S2_NVI_637","Category_Simple":"Existing MPA/RCA - 'as-is, where-is'","Area_km2":2.6594960807773784,"SUBREGION":"NVI","EA_Common_site_name_Site_Profil":"Qwiquallaaq BoatBay Conservancy Site","Exist_AIWI_Type":"BC Cons and RCA"}},
{"type":"Feature","geometry":{"type":"Polygon","coordinates":[[[-125.9926,50.6871],[-125.9979,50.6912],[-126.0427,50.6846],[-126.0426,50.6642],[-126.0173,50.6634],[-126.0049,50.6678],[-125.9822,50.6642],[-125.9581,50.6665],[-125.9578,50.6869],[-125.9693,50.6868],[-125.9801,50.6908],[-125.9926,50.6871]]]},"properties":{"UID":"S2_NVI_15","Category_Simple":"Category 1","Area_km2":15.89984252184198,"SUBREGION":"NVI","EA_Common_site_name_Site_Profil":"Nala'gla'la","Exist_AIWI_Type":null}},
{"type":"Feature","geometry":{"type":"MultiPolygon","coordinates":[[[[-126.0426,50.6642],[-126.031,50.6599],[-126.0173,50.6634],[-126.0426,50.6642]]],[[[-125.9926,50.6871],[-125.984,50.6933],[-125.9627,50.698],[-125.9708,50.7026],[-125.9884,50.6973],[-126.0013,50.6965],[-126.0124,50.7027],[-126.0222,50.6987],[-126.0233,50.6948],[-126.0427,50.6888],[-126.0427,50.6846],[-125.9979,50.6912],[-125.9926,50.6871]]]]},"properties":{"UID":"S2_NVI_16","Category_Simple":"Category 1","Area_km2":5.34484250596177,"SUBREGION":"NVI","EA_Common_site_name_Site_Profil":"Nala'gla'la","Exist_AIWI_Type":null}},
{"type":"Feature","geometry":{"type":"Polygon","coordinates":[[[-129.4493,53.0508],[-129.4625,53.0606],[-129.472,53.0603],[-129.4884,53.0767],[-129.4994,53.0922],[-129.4831,53.0956],[-129.498,53.1084],[-129.5169,53.1102],[-129.5135,53.1004],[-129.5256,53.0977],[-129.5387,53.1125],[-129.5241,53.1166],[-129.515,53.1143],[-129.4911,53.1201],[-129.4977,53.1234],[-129.5126,53.1161],[-129.514,53.1254],[-129.5355,53.1388],[-129.5528,53.1274],[-129.5634,53.1411],[-129.5549,53.147],[-129.564,53.1532],[-129.5556,53.1577],[-129.5615,53.1645],[-129.5585,53.1724],[-129.5427,53.1711],[-129.5433,53.1783],[-129.5272,53.1863],[-129.5151,53.1858],[-129.5065,53.1897],[-129.4862,53.1904],[-129.4774,53.1713],[-129.4612,53.1596],[-129.4518,53.1455],[-129.4419,53.1437],[-129.4401,53.138],[-129.4178,53.1267],[-129.4162,53.118],[-129.4047,53.1089],[-129.404,53.1025],[-129.3961,53.0959],[-129.394,53.088],[-129.3701,53.0782],[-129.3599,53.0694],[-129.3574,53.0705],[-129.3614,53.0753],[-129.3863,53.0897],[-129.3912,53.0905],[-129.3984,53.1068],[-129.4105,53.1156],[-129.4134,53.1251],[-129.425,53.1348],[-129.4346,53.1376],[-129.4397,53.145],[-129.4489,53.1478],[-129.4553,53.1578],[-129.474,53.1726],[-129.4841,53.1917],[-129.507,53.1915],[-129.5358,53.1866],[-129.5628,53.1722],[-129.5632,53.1661],[-129.5724,53.1481],[-129.5693,53.1376],[-129.5581,53.1223],[-129.5446,53.1171],[-129.5462,53.1024],[-129.5378,53.0972],[-129.5279,53.0965],[-129.5125,53.088],[-129.4799,53.0598],[-129.4636,53.0482],[-129.4572,53.0494],[-129.4522,53.0503],[-129.4493,53.0508]]]},"properties":{"UID":"S2_NC_318","Category_Simple":"Existing MPA/RCA - 'as-is, where-is'","Area_km2":22.80281307661305,"SUBREGION":"NC","EA_Common_site_name_Site_Profil":"Caamano Sound, Aristazabal, Rennison Site","Exist_AIWI_Type":"BC Cons"}},
{"type":"Feature","geometry":{"type":"Polygon","coordinates":[[[-130.5772,53.461],[-130.5693,53.4654],[-130.5804,53.4712],[-130.5861,53.4785],[-130.5831,53.4827],[-130.5936,53.4891],[-130.5906,53.4947],[-130.6028,53.5027],[-130.6173,53.5072],[-130.6316,53.5058],[-130.6359,53.4966],[-130.6429,53.4923],[-130.6342,53.4828],[-130.6263,53.4802],[-130.6198,53.4657],[-130.6161,53.4657],[-130.6158,53.4658],[-130.6032,53.465],[-130.6003,53.465],[-130.5972,53.4647],[-130.5934,53.4645],[-130.5865,53.4641],[-130.5839,53.4632],[-130.583,53.4629],[-130.5823,53.4627],[-130.5772,53.461]]]},"properties":{"UID":"S2_NC_308","Category_Simple":"Existing MPA/RCA - 'as-is, where-is'","Area_km2":7.423841421343756,"SUBREGION":"NC","EA_Common_site_name_Site_Profil":"Carlo Range and Hecate Site","Exist_AIWI_Type":"BC Cons"}},
{"type":"Feature","geometry":{"type":"Polygon","coordinates":[[[-130.4379,53.6406],[-130.4764,53.643],[-130.5511,53.6405],[-130.5821,53.6357],[-130.5984,53.5935],[-130.5484,53.5482],[-130.5464,53.5415],[-130.5358,53.5366],[-130.5121,53.5152],[-130.4332,53.451],[-130.4065,53.4598],[-130.4147,53.4668],[-130.4131,53.4826],[-130.4064,53.4909],[-130.3934,53.4983],[-130.3876,53.505],[-130.3697,53.5106],[-130.3626,53.5199],[-130.3799,53.5288],[-130.3816,53.5225],[-130.3944,53.5105],[-130.4124,53.5125],[-130.4203,53.5155],[-130.44,53.5028],[-130.4424,53.5083],[-130.4701,53.5093],[-130.4721,53.5164],[-130.4879,53.5155],[-130.4894,53.5342],[-130.4994,53.5399],[-130.5103,53.5408],[-130.5183,53.5471],[-130.5281,53.5446],[-130.5472,53.5501],[-130.5498,53.5722],[-130.5452,53.5856],[-130.5347,53.5988],[-130.5449,53.6118],[-130.5401,53.6187],[-130.5421,53.6256],[-130.5243,53.6294],[-130.493,53.6337],[-130.4866,53.6297],[-130.4687,53.6264],[-130.4651,53.6365],[-130.4356,53.6246],[-130.4011,53.62],[-130.3894,53.6117],[-130.3808,53.6155],[-130.422,53.6321],[-130.4379,53.6406]],[[-130.5451,53.6258],[-130.5413,53.6185],[-130.5489,53.6115],[-130.5551,53.6137],[-130.5683,53.6076],[-130.5736,53.611],[-130.5541,53.619],[-130.5451,53.6258]],[[-130.4363,53.4741],[-130.4486,53.4787],[-130.4441,53.4863],[-130.4339,53.4863],[-130.4363,53.4741]],[[-130.4353,53.4954],[-130.4278,53.5021],[-130.4156,53.5023],[-130.421,53.4856],[-130.435,53.4913],[-130.4353,53.4954]]]},"properties":{"UID":"S2_NC_330","Category_Simple":"Category 1","Area_km2":69.00831945240641,"SUBREGION":"NC","EA_Common_site_name_Site_Profil":"Kitkatla Inlet Site","Exist_AIWI_Type":null}},
{"type":"Feature","geometry":{"type":"Polygon","coordinates":[[[-129.4379,53.3988],[-129.4482,53.3926],[-129.4484,53.3865],[-129.4662,53.381],[-129.4589,53.3767],[-129.4719,53.3561],[-129.4806,53.3516],[-129.4812,53.3362],[-129.4746,53.3217],[-129.464,53.3118],[-129.4691,53.3022],[-129.4693,53.2937],[-129.4788,53.285],[-129.4904,53.2833],[-129.5087,53.2925],[-129.5172,53.3024],[-129.5161,53.3087],[-129.5262,53.3115],[-129.5261,53.3211],[-129.5378,53.3192],[-129.528,53.3108],[-129.5293,53.3046],[-129.5227,53.2947],[-129.5301,53.2884],[-129.5178,53.2859],[-129.5014,53.2692],[-129.3954,53.2219],[-129.3864,53.2238],[-129.3484,53.1992],[-129.3453,53.2064],[-129.3324,53.2172],[-129.3206,53.222],[-129.3014,53.2251],[-129.2942,53.231],[-129.3022,53.2362],[-129.2988,53.2413],[-129.289,53.2441],[-129.2767,53.2521],[-129.2729,53.2589],[-129.2562,53.2688],[-129.257,53.2769],[-129.2639,53.2805],[-129.2761,53.3001],[-129.2837,53.3162],[-129.2726,53.3266],[-129.3214,53.3543],[-129.3363,53.355],[-129.3455,53.3459],[-129.3429,53.3348],[-129.3342,53.3245],[-129.3332,53.3125],[-129.3354,53.3023],[-129.3531,53.3029],[-129.3864,53.2954],[-129.3947,53.2986],[-129.402,53.2945],[-129.4151,53.2965],[-129.3905,53.309],[-129.3849,53.3161],[-129.3862,53.3245],[-129.3974,53.3277],[-129.3987,53.3353],[-129.4265,53.3537],[-129.4303,53.3531],[-129.4516,53.3605],[-129.4571,53.3659],[-129.4579,53.3748],[-129.4453,53.3818],[-129.4459,53.3874],[-129.4338,53.3918],[-129.4379,53.3988]],[[-129.4649,53.3603],[-129.4397,53.3504],[-129.4389,53.3424],[-129.4433,53.3283],[-129.4515,53.3219],[-129.4606,53.3318],[-129.4707,53.3362],[-129.4654,53.3464],[-129.4649,53.3603]],[[-129.3532,53.2843],[-129.3226,53.2821],[-129.3254,53.275],[-129.3198,53.2714],[-129.3403,53.2605],[-129.346,53.2547],[-129.3457,53.2462],[-129.3629,53.2333],[-129.3723,53.2368],[-129.3696,53.2457],[-129.3725,53.2516],[-129.3641,53.2564],[-129.3793,53.2611],[-129.3703,53.2689],[-129.3716,53.2814],[-129.3532,53.2843]]]},"properties":{"UID":"S2_NC_313","Category_Simple":"Category 1","Area_km2":151.70342206628237,"SUBREGION":"NC","EA_Common_site_name_Site_Profil":"Hartley Bay Site","Exist_AIWI_Type":null}},
{"type":"Feature","geometry":{"type":"Polygon","coordinates":[[[-129.2377,53.5116],[-129.2377,53.5115],[-129.2412,53.5015],[-129.2393,53.4812],[-129.2426,53.4776],[-129.2344,53.4613],[-129.2353,53.4484],[-129.2403,53.4393],[-129.2374,53.4248],[-129.2501,53.4255],[-129.2601,53.4053],[-129.285,53.4011],[-129.2911,53.397],[-129.2857,53.3859],[-129.2781,53.3791],[-129.2786,53.3731],[-129.2712,53.3635],[-129.2888,53.3643],[-129.2993,53.3697],[-129.3198,53.3743],[-129.3355,53.3816],[-129.3363,53.355],[-129.3214,53.3543],[-129.2726,53.3266],[-129.2559,53.3244],[-129.246,53.3198],[-129.2331,53.3187],[-129.2251,53.3106],[-129.2098,53.3064],[-129.1723,53.2842],[-129.0957,53.2878],[-129.0881,53.292],[-129.1121,53.3127],[-129.1251,53.3125],[-129.1389,53.32],[-129.1501,53.3308],[-129.1529,53.3369],[-129.1485,53.3499],[-129.1399,53.3568],[-129.1544,53.3913],[-129.1619,53.3853],[-129.1783,53.409],[-129.1807,53.4156],[-129.1822,53.4351],[-129.1735,53.4442],[-129.1744,53.4783],[-129.1783,53.4867],[-129.1789,53.5026],[-129.1766,53.5127],[-129.17,53.5236],[-129.1709,53.548],[-129.1773,53.5618],[-129.182,53.5851],[-129.1785,53.5905],[-129.1832,53.5978],[-129.176,53.6268],[-129.1659,53.6327],[-129.2235,53.6349],[-129.224,53.6334],[-129.2242,53.6325],[-129.2292,53.6144],[-129.2316,53.6057],[-129.2424,53.608],[-129.2498,53.6037],[-129.2517,53.5783],[-129.2387,53.5642],[-129.2407,53.5533],[-129.2368,53.5449],[-129.2401,53.5375],[-129.2326,53.5192],[-129.2377,53.5116]],[[-129.237,53.4119],[-129.232,53.4086],[-129.2292,53.3935],[-129.2219,53.3776],[-129.2297,53.3573],[-129.2461,53.3607],[-129.2505,53.3653],[-129.2616,53.3671],[-129.2698,53.3896],[-129.2764,53.3923],[-129.2717,53.4006],[-129.2583,53.4032],[-129.237,53.4119]]]},"properties":{"UID":"S2_NC_314","Category_Simple":"Category 1","Area_km2":209.72494733274166,"SUBREGION":"NC","EA_Common_site_name_Site_Profil":"Hartley Bay Site","Exist_AIWI_Type":null}},
{"type":"Feature","geometry":{"type":"Polygon","coordinates":[[[-130.6198,53.4657],[-130.6634,53.465],[-130.6334,53.405],[-130.3584,53.3117],[-130.3784,53.395],[-130.5772,53.461],[-130.5823,53.4627],[-130.583,53.4629],[-130.5839,53.4632],[-130.5865,53.4641],[-130.5934,53.4645],[-130.5972,53.4647],[-130.6003,53.465],[-130.6032,53.465],[-130.6158,53.4658],[-130.6161,53.4657],[-130.6198,53.4657]]]},"properties":{"UID":"S2_NC_307","Category_Simple":"Category 1","Area_km2":152.59557723642018,"SUBREGION":"NC","EA_Common_site_name_Site_Profil":"Carlo Range and Hecate Site","Exist_AIWI_Type":null}},
{"type":"Feature","geometry":{"type":"Polygon","coordinates":[[[-128.9543,53.577],[-128.9618,53.5826],[-128.9682,53.5738],[-128.9976,53.5684],[-128.9997,53.5629],[-129.0155,53.5498],[-129.0129,53.5334],[-129.0049,53.5297],[-128.9959,53.5073],[-128.9992,53.4969],[-128.9937,53.4797],[-128.9876,53.479],[-128.9899,53.4693],[-128.9717,53.4463],[-128.9501,53.4342],[-128.9322,53.4161],[-128.9287,53.4073],[-128.9197,53.3958],[-128.9189,53.384],[-128.924,53.3556],[-128.9278,53.351],[-128.9246,53.3424],[-128.9279,53.328],[-128.9479,53.3096],[-128.9028,53.3107],[-128.9022,53.3018],[-128.8826,53.3023],[-128.8886,53.3106],[-128.8831,53.3166],[-128.8896,53.3292],[-128.8859,53.3355],[-128.8875,53.3471],[-128.8647,53.3584],[-128.8889,53.3599],[-128.8921,53.3682],[-128.8823,53.3809],[-128.8877,53.3949],[-128.8816,53.4018],[-128.8854,53.4111],[-128.8994,53.4218],[-128.9047,53.4298],[-128.8856,53.4425],[-128.8738,53.4534],[-128.8696,53.4659],[-128.8541,53.4685],[-128.8399,53.4658],[-128.8348,53.4693],[-128.8408,53.4758],[-128.8714,53.4811],[-128.8963,53.4713],[-128.9141,53.4464],[-128.925,53.4494],[-128.9527,53.4661],[-128.9592,53.4754],[-128.9616,53.4879],[-128.9726,53.4968],[-128.9663,53.5098],[-128.97,53.5142],[-128.9691,53.5338],[-128.985,53.5364],[-128.9848,53.5443],[-128.9691,53.5501],[-128.9543,53.577]]]},"properties":{"UID":"S2_NC_316","Category_Simple":"Category 1","Area_km2":88.66252507440367,"SUBREGION":"NC","EA_Common_site_name_Site_Profil":"Ursula Channel","Exist_AIWI_Type":null}},
{"type":"Feature","geometry":{"type":"Polygon","coordinates":[[[-128.8259,52.5422],[-128.8188,52.5443],[-128.8143,52.5582],[-128.8027,52.5647],[-128.8348,52.5646],[-128.835,52.5415],[-128.8259,52.5422]]]},"properties":{"UID":"S2_CC_191","Category_Simple":"Category 1","Area_km2":3.481444856579426,"SUBREGION":"CC","EA_Common_site_name_Site_Profil":"Kitasu Bay Site","Exist_AIWI_Type":null}},
{"type":"Feature","geometry":{"type":"Polygon","coordinates":[[[-128.8927,52.6489],[-128.8945,52.6551],[-128.9153,52.6589],[-128.9288,52.6639],[-128.9294,52.6703],[-128.945,52.6805],[-128.9617,52.6863],[-128.9758,52.6888],[-128.9791,52.6874],[-128.9673,52.6828],[-128.9254,52.6575],[-128.8863,52.6423],[-128.8737,52.6423],[-128.8927,52.6489]]]},"properties":{"UID":"S2_CC_193","Category_Simple":"Category 1","Area_km2":5.100743833911903,"SUBREGION":"CC","EA_Common_site_name_Site_Profil":"Kitasu Bay Site","Exist_AIWI_Type":null}},
{"type":"Feature","geometry":{"type":"Polygon","coordinates":[[[-128.2939,52.5227],[-128.3105,52.5252],[-128.3105,52.5233],[-128.2939,52.5204],[-128.2939,52.5227]]]},"properties":{"UID":"S2_CC_183","Category_Simple":"Category 1","Area_km2":0.2929580408333611,"SUBREGION":"CC","EA_Common_site_name_Site_Profil":"Kitasu Bay Site","Exist_AIWI_Type":null}},
{"type":"Feature","geometry":{"type":"Polygon","coordinates":[[[-128.1905,52.8444],[-128.1976,52.8413],[-128.2232,52.8378],[-128.2189,52.8342],[-128.2043,52.8326],[-128.1665,52.8347],[-128.1905,52.8444]]]},"properties":{"UID":"S2_CC_213","Category_Simple":"Category 1","Area_km2":2.649347752982746,"SUBREGION":"CC","EA_Common_site_name_Site_Profil":"Kynoch Inlet Site","Exist_AIWI_Type":null}},
{"type":"Feature","geometry":{"type":"Polygon","coordinates":[[[-128.4781,52.9194],[-128.4898,52.9227],[-128.4862,52.9179],[-128.4781,52.9194]]]},"properties":{"UID":"S2_CC_205","Category_Simple":"Category 1","Area_km2":0.2096250963305888,"SUBREGION":"CC","EA_Common_site_name_Site_Profil":"Green Inlet Site","Exist_AIWI_Type":null}},
{"type":"Feature","geometry":{"type":"Polygon","coordinates":[[[-131.1297,51.9157],[-131.1952,51.8598],[-131.1716,51.8496],[-131.1439,51.8425],[-131.1289,51.8343],[-131.1018,51.8218],[-131.0836,51.8207],[-131.0856,51.7957],[-131.0744,51.7708],[-131.0703,51.7665],[-131.0525,51.7601],[-131.0355,51.7585],[-131.0278,51.7529],[-131.0103,51.7506],[-130.9965,51.7574],[-130.9841,51.7537],[-130.9733,51.745],[-130.9679,51.7316],[-130.9667,51.721],[-130.9675,51.6863],[-130.9575,51.6695],[-130.9533,51.6669],[-130.9277,51.666],[-130.9151,51.6422],[-130.8984,51.6332],[-130.8949,51.6236],[-130.8761,51.6128],[-130.8585,51.6095],[-130.8363,51.6024],[-130.8239,51.5876],[-130.7978,51.5733],[-130.7867,51.5649],[-130.7723,51.5608],[-130.7505,51.5597],[-130.7598,51.5508],[-130.7614,51.5433],[-130.7532,51.5378],[-130.6169,51.5895],[-130.8868,51.836],[-130.8935,51.7992],[-130.903,51.8039],[-130.9349,51.8197],[-131.0469,51.875],[-131.1108,51.9064],[-131.1297,51.9157]]]},"properties":{"UID":"S2_HG_505","Category_Simple":"Category 1","Area_km2":532.1186328248225,"SUBREGION":"HG","EA_Common_site_name_Site_Profil":"Cape St. James Site","Exist_AIWI_Type":null}},
{"type":"Feature","geometry":{"type":"Polygon","coordinates":[[[-131.9099,53.6572],[-131.6272,53.6664],[-131.6388,53.7801],[-131.8797,53.7732],[-131.8823,53.7661],[-131.874,53.7441],[-131.8748,53.7382],[-131.8746,53.7377],[-131.8712,53.7093],[-131.8766,53.6982],[-131.9048,53.6649],[-131.9051,53.6642],[-131.9099,53.6572]]]},"properties":{"UID":"S2_HG_437","Category_Simple":"Category 2","Area_km2":209.34278146640608,"SUBREGION":"HG","EA_Common_site_name_Site_Profil":"Dogfish Bank Site","Exist_AIWI_Type":null}},
{"type":"Feature","geometry":{"type":"Polygon","coordinates":[[[-129.9724,54.1546],[-129.9806,54.1563],[-129.984,54.1486],[-129.9759,54.151],[-129.9724,54.1546]]]},"properties":{"UID":"S2_NC_703","Category_Simple":"Existing MPA/RCA - 'as-is, where-is'","Area_km2":1.9791823567435791,"SUBREGION":"NC","EA_Common_site_name_Site_Profil":"Porcher Skeena Site","Exist_AIWI_Type":"BC Cons"}},
{"type":"Feature","geometry":{"type":"Polygon","coordinates":[[[-130.1895,54.0819],[-130.2099,54.0737],[-130.2252,54.0624],[-130.2274,54.0552],[-130.2244,54.0348],[-130.2201,54.019],[-130.21,54.0036],[-130.1914,53.9886],[-130.1784,53.9827],[-130.1727,53.9849],[-130.145,53.9868],[-130.1308,54.0096],[-130.1264,54.023],[-130.1363,54.0336],[-130.1425,54.0493],[-130.1517,54.0552],[-130.1564,54.0671],[-130.1895,54.0819]],[[-130.1925,54.0778],[-130.1588,54.066],[-130.1546,54.0545],[-130.1454,54.0487],[-130.1395,54.0329],[-130.1311,54.0273],[-130.1296,54.0203],[-130.1337,54.0101],[-130.1473,53.9879],[-130.1755,53.9865],[-130.1892,53.9899],[-130.2065,54.0034],[-130.217,54.0192],[-130.2214,54.035],[-130.2243,54.0549],[-130.2227,54.0614],[-130.2079,54.0724],[-130.1925,54.0778]]]},"properties":{"UID":"S2_NC_701","Category_Simple":"Existing MPA/RCA - 'as-is, where-is'","Area_km2":5.881004129871048,"SUBREGION":"NC","EA_Common_site_name_Site_Profil":"Porcher Skeena Site","Exist_AIWI_Type":"BC Cons"}},
{"type":"Feature","geometry":{"type":"Polygon","coordinates":[[[-130.1554,54.1284],[-130.171,54.1281],[-130.1951,54.1175],[-130.2029,54.1056],[-130.1766,54.0898],[-130.1467,54.0894],[-130.1588,54.1092],[-130.1521,54.1167],[-130.1625,54.118],[-130.1554,54.1284]]]},"properties":{"UID":"S2_NC_702","Category_Simple":"Existing MPA/RCA - 'as-is, where-is'","Area_km2":9.610823272807531,"SUBREGION":"NC","EA_Common_site_name_Site_Profil":"Porcher Skeena Site","Exist_AIWI_Type":"BC Cons"}},
{"type":"Feature","geometry":{"type":"MultiPolygon","coordinates":[[[[-130.7892,54.218],[-130.804,54.2099],[-130.8004,54.2038],[-130.8146,54.1865],[-130.8115,54.1806],[-130.8275,54.1765],[-130.8292,54.1557],[-130.8377,54.1474],[-130.8108,54.1316],[-130.8067,54.1257],[-130.7903,54.1258],[-130.7927,54.1458],[-130.8011,54.1507],[-130.802,54.1595],[-130.8137,54.162],[-130.8204,54.1759],[-130.806,54.1806],[-130.811,54.1832],[-130.7975,54.196],[-130.7924,54.2052],[-130.7955,54.214],[-130.7826,54.2114],[-130.7664,54.204],[-130.7544,54.2069],[-130.7474,54.1986],[-130.7141,54.181],[-130.7068,54.1739],[-130.6779,54.1627],[-130.6632,54.1579],[-130.6582,54.1489],[-130.6458,54.1431],[-130.6357,54.1302],[-130.6442,54.1258],[-130.6525,54.1131],[-130.6755,54.114],[-130.6892,54.1092],[-130.6999,54.1147],[-130.7225,54.1186],[-130.7286,54.1248],[-130.7455,54.1235],[-130.7412,54.1346],[-130.747,54.1434],[-130.7619,54.1394],[-130.7755,54.1515],[-130.7887,54.1481],[-130.7765,54.1372],[-130.7817,54.131],[-130.7737,54.1197],[-130.7597,54.1134],[-130.7356,54.1195],[-130.719,54.1163],[-130.7093,54.1108],[-130.6888,54.1058],[-130.6938,54.1001],[-130.6838,54.0912],[-130.6743,54.1012],[-130.6553,54.0922],[-130.6585,54.0844],[-130.6349,54.0825],[-130.6387,54.0755],[-130.6381,54.0637],[-130.6288,54.0531],[-130.5922,54.0525],[-130.5758,54.064],[-130.5692,54.061],[-130.5639,54.0687],[-130.5656,54.0788],[-130.5793,54.0891],[-130.5839,54.0959],[-130.5966,54.1065],[-130.6146,54.1124],[-130.6369,54.1382],[-130.6633,54.1603],[-130.6869,54.1662],[-130.6887,54.1688],[-130.7048,54.1753],[-130.7118,54.1822],[-130.7282,54.1911],[-130.7334,54.1914],[-130.7519,54.2081],[-130.7634,54.2144],[-130.776,54.211],[-130.7892,54.218]]],[[[-130.8308,54.2151],[-130.8403,54.2074],[-130.8402,54.202],[-130.8292,54.2005],[-130.8261,54.2058],[-130.8162,54.2082],[-130.818,54.2138],[-130.8308,54.2151]]],[[[-130.7992,54.2453],[-130.8149,54.2431],[-130.814,54.2319],[-130.8027,54.2331],[-130.7956,54.2412],[-130.7992,54.2453]]],[[[-130.8552,54.2565],[-130.8735,54.2509],[-130.8724,54.245],[-130.8609,54.2383],[-130.855,54.2458],[-130.8595,54.2487],[-130.8552,54.2565]]],[[[-130.8254,54.2743],[-130.8288,54.2683],[-130.8295,54.255],[-130.8174,54.2629],[-130.8273,54.2692],[-130.8254,54.2743]]],[[[-130.861,54.2898],[-130.8697,54.2813],[-130.851,54.2801],[-130.85,54.2875],[-130.861,54.2898]]]]},"properties":{"UID":"S2_NC_706","Category_Simple":"Existing MPA/RCA - 'as-is, where-is'","Area_km2":46.30717621207429,"SUBREGION":"NC","EA_Common_site_name_Site_Profil":"Stephens Island Site","Exist_AIWI_Type":"BC Cons"}},
{"type":"Feature","geometry":{"type":"MultiPolygon","coordinates":[[[[-130.7255,54.4161],[-130.7215,54.4212],[-130.7408,54.443],[-130.7177,54.4398],[-130.7317,54.4598],[-130.7412,54.4675],[-130.7368,54.4758],[-130.751,54.4811],[-130.7626,54.4801],[-130.748,54.4709],[-130.752,54.4606],[-130.7599,54.4638],[-130.7615,54.4725],[-130.7774,54.4814],[-130.7586,54.4949],[-130.7593,54.5077],[-130.772,54.5067],[-130.779,54.4957],[-130.7906,54.4993],[-130.8114,54.4939],[-130.8153,54.488],[-130.8355,54.4806],[-130.8429,54.4735],[-130.8443,54.4656],[-130.8533,54.4599],[-130.8732,54.4522],[-130.8694,54.4434],[-130.8766,54.4387],[-130.8692,54.4296],[-130.854,54.4335],[-130.84,54.4449],[-130.8239,54.4413],[-130.8321,54.4341],[-130.841,54.4312],[-130.8378,54.4251],[-130.8349,54.4259],[-130.8182,54.4411],[-130.8187,54.4468],[-130.8085,54.4481],[-130.8015,54.4581],[-130.7868,54.4695],[-130.7757,54.4728],[-130.7654,54.47],[-130.7565,54.4552],[-130.756,54.4501],[-130.7438,54.4424],[-130.729,54.424],[-130.7311,54.4195],[-130.7296,54.4187],[-130.7284,54.4179],[-130.7255,54.4161]]],[[[-130.7197,54.4117],[-130.7235,54.4094],[-130.7031,54.3935],[-130.7065,54.3854],[-130.6998,54.38],[-130.707,54.3746],[-130.7115,54.364],[-130.7184,54.3648],[-130.7343,54.3586],[-130.7494,54.3615],[-130.7523,54.3582],[-130.7668,54.3581],[-130.7739,54.362],[-130.773,54.3703],[-130.7831,54.3719],[-130.7889,54.3703],[-130.7818,54.3554],[-130.7646,54.3544],[-130.7497,54.3505],[-130.7396,54.3546],[-130.7258,54.3545],[-130.7159,54.3623],[-130.7094,54.3618],[-130.7037,54.3693],[-130.6944,54.3733],[-130.6985,54.3915],[-130.7137,54.4051],[-130.7171,54.413],[-130.7238,54.415],[-130.7197,54.4117]]],[[[-130.9106,54.4053],[-130.9211,54.4111],[-130.9242,54.4213],[-130.9383,54.4256],[-130.9334,54.4115],[-130.9221,54.4008],[-130.9106,54.4053]]],[[[-130.7159,54.4384],[-130.7261,54.4326],[-130.7095,54.4249],[-130.7107,54.4186],[-130.6984,54.4065],[-130.6876,54.411],[-130.6875,54.4181],[-130.7049,54.4285],[-130.7029,54.435],[-130.7159,54.4384]]],[[[-130.8861,54.4418],[-130.9021,54.4395],[-130.9039,54.4256],[-130.8941,54.4259],[-130.8859,54.4219],[-130.877,54.4278],[-130.8882,54.4386],[-130.8861,54.4418]]],[[[-130.86,54.4757],[-130.8732,54.4612],[-130.8616,54.4606],[-130.8512,54.4688],[-130.86,54.4757]]],[[[-130.9816,54.4731],[-130.9964,54.4709],[-130.9872,54.4628],[-130.9792,54.4665],[-130.9816,54.4731]]],[[[-130.8331,54.5026],[-130.8418,54.5015],[-130.8535,54.4892],[-130.8406,54.4826],[-130.8338,54.484],[-130.8255,54.5002],[-130.8331,54.5026]]],[[[-131.1093,54.5763],[-131.1092,54.5768],[-131.1095,54.5763],[-131.1093,54.5763]]],[[[-130.8911,54.635],[-130.9079,54.6335],[-130.9244,54.6229],[-130.9396,54.6216],[-130.9393,54.6135],[-130.944,54.5984],[-130.9542,54.5976],[-130.9533,54.589],[-130.9567,54.5772],[-130.963,54.576],[-130.9623,54.5693],[-130.9541,54.5646],[-130.9736,54.5547],[-130.981,54.5346],[-130.9829,54.5166],[-130.9863,54.5065],[-130.9847,54.4978],[-130.9755,54.4955],[-130.9793,54.4793],[-130.9741,54.4734],[-130.9757,54.4651],[-130.9694,54.4585],[-130.9771,54.4469],[-130.9631,54.4459],[-130.9617,54.4544],[-130.9456,54.4596],[-130.9224,54.4708],[-130.8952,54.4979],[-130.8863,54.4926],[-130.8727,54.493],[-130.8656,54.5008],[-130.8564,54.5032],[-130.8557,54.5075],[-130.8453,54.5085],[-130.8305,54.5235],[-130.8147,54.5348],[-130.7735,54.5502],[-130.7704,54.5558],[-130.7569,54.5678],[-130.75,54.5858],[-130.7518,54.5956],[-130.7464,54.5994],[-130.7524,54.6079],[-130.7599,54.6254],[-130.7783,54.6287],[-130.7892,54.6258],[-130.7999,54.6163],[-130.8148,54.6156],[-130.8279,54.6082],[-130.8429,54.6188],[-130.8516,54.6314],[-130.8829,54.6223],[-130.8831,54.6296],[-130.8911,54.635]]],[[[-131.0939,54.631],[-131.0988,54.6265],[-131.0953,54.6237],[-131.0983,54.6177],[-131.0952,54.6102],[-131.1014,54.6003],[-131.1034,54.5873],[-131.0976,54.575],[-131.0875,54.5789],[-131.0757,54.5776],[-131.0647,54.5854],[-131.0545,54.5888],[-131.0502,54.605],[-131.0419,54.6044],[-131.0426,54.6092],[-131.0479,54.6233],[-131.057,54.6278],[-131.0785,54.6266],[-131.0939,54.631]]],[[[-130.8287,54.6452],[-130.8504,54.6405],[-130.8311,54.6353],[-130.8287,54.6452]]]]},"properties":{"UID":"S2_NC_711","Category_Simple":"Existing MPA/RCA - 'as-is, where-is'","Area_km2":76.78175444560252,"SUBREGION":"NC","EA_Common_site_name_Site_Profil":"Caamano Brown Site","Exist_AIWI_Type":"BC Cons"}},
{"type":"Feature","geometry":{"type":"Polygon","coordinates":[[[-131.9531,53.5136],[-131.9536,53.5213],[-131.9572,53.5212],[-131.9531,53.5136]]]},"properties":{"UID":"S2_HG_438","Category_Simple":"Existing MPA/RCA - 'as-is, where-is'","Area_km2":0.2188093554513271,"SUBREGION":"HG","EA_Common_site_name_Site_Profil":null,"Exist_AIWI_Type":"BC Cons Haida HS"}},
{"type":"Feature","geometry":{"type":"Polygon","coordinates":[[[-126.7195,50.642],[-126.7212,50.6385],[-126.7224,50.6346],[-126.7234,50.6328],[-126.7203,50.6293],[-126.7177,50.6292],[-126.6936,50.6135],[-126.6926,50.6161],[-126.6872,50.6211],[-126.678,50.6172],[-126.682,50.6016],[-126.6692,50.6017],[-126.6637,50.5977],[-126.6564,50.596],[-126.6377,50.5988],[-126.6373,50.607],[-126.6331,50.608],[-126.6271,50.6034],[-126.6275,50.596],[-126.605,50.5985],[-126.5958,50.6048],[-126.5881,50.6201],[-126.5871,50.6403],[-126.597,50.6384],[-126.6646,50.64],[-126.6791,50.6359],[-126.7145,50.644],[-126.7195,50.642]],[[-126.632,50.6297],[-126.6375,50.6204],[-126.6491,50.6146],[-126.6461,50.6113],[-126.6714,50.6084],[-126.6785,50.6104],[-126.6765,50.6195],[-126.665,50.6247],[-126.632,50.6297]]]},"properties":{"UID":"S2_NVI_644","Category_Simple":"Existing MPA/RCA - 'as-is, where-is'","Area_km2":25.120049583826034,"SUBREGION":"NVI","EA_Common_site_name_Site_Profil":"Broughton Site","Exist_AIWI_Type":"BC MP and RCA"}},
{"type":"Feature","geometry":{"type":"Polygon","coordinates":[[[-126.7195,50.642],[-126.7328,50.6437],[-126.7234,50.6328],[-126.7224,50.6346],[-126.7212,50.6385],[-126.7195,50.642]]]},"properties":{"UID":"S2_NVI_647","Category_Simple":"Existing MPA/RCA - 'as-is, where-is'","Area_km2":0.6522509114900003,"SUBREGION":"NVI","EA_Common_site_name_Site_Profil":"Broughton Site","Exist_AIWI_Type":"BC MP"}},
{"type":"Feature","geometry":{"type":"MultiPolygon","coordinates":[[[[-126.5958,50.6048],[-126.5784,50.6063],[-126.58,50.6213],[-126.5726,50.6311],[-126.5871,50.6403],[-126.5881,50.6201],[-126.5958,50.6048]]],[[[-126.7234,50.6328],[-126.7262,50.6283],[-126.7145,50.6263],[-126.706,50.6169],[-126.6956,50.6146],[-126.6919,50.6123],[-126.6921,50.6162],[-126.686,50.6148],[-126.6822,50.6108],[-126.687,50.6028],[-126.6702,50.5957],[-126.6592,50.5932],[-126.6598,50.5873],[-126.6443,50.5868],[-126.6107,50.5903],[-126.605,50.5985],[-126.6275,50.596],[-126.6271,50.6034],[-126.6331,50.608],[-126.6373,50.607],[-126.6377,50.5988],[-126.6564,50.596],[-126.6637,50.5977],[-126.6692,50.6017],[-126.682,50.6016],[-126.678,50.6172],[-126.6872,50.6211],[-126.6926,50.6161],[-126.6936,50.6135],[-126.7177,50.6292],[-126.7203,50.6293],[-126.7234,50.6328]]]]},"properties":{"UID":"S2_NVI_643","Category_Simple":"Existing MPA/RCA - 'as-is, where-is'","Area_km2":9.288546297212413,"SUBREGION":"NVI","EA_Common_site_name_Site_Profil":"Broughton Site","Exist_AIWI_Type":"RCA"}},
{"type":"Feature","geometry":{"type":"MultiPolygon","coordinates":[[[[-126.736,50.7533],[-126.75,50.75],[-126.75,50.725],[-126.736,50.725],[-126.736,50.7533]]],[[[-126.6735,50.6543],[-126.6453,50.657],[-126.6249,50.6485],[-126.6164,50.6497],[-126.6146,50.6576],[-126.6146,50.6577],[-126.6305,50.6616],[-126.6702,50.6593],[-126.6728,50.6569],[-126.6768,50.6543],[-126.6735,50.6543]]]]},"properties":{"UID":"S2_NVI_648","Category_Simple":"Existing MPA/RCA - 'as-is, where-is'","Area_km2":5.821474758525826,"SUBREGION":"NVI","EA_Common_site_name_Site_Profil":"Broughton Site","Exist_AIWI_Type":"RCA"}},
{"type":"Feature","geometry":{"type":"MultiPolygon","coordinates":[[[[-126.736,50.725],[-126.7359,50.6473],[-126.7328,50.6437],[-126.7195,50.642],[-126.7019,50.6779],[-126.7021,50.679],[-126.7245,50.72],[-126.7195,50.725],[-126.7199,50.725],[-126.736,50.725]]],[[[-126.7193,50.7572],[-126.736,50.7581],[-126.7352,50.7535],[-126.7237,50.7562],[-126.7214,50.7567],[-126.7193,50.7572]]],[[[-126.6863,50.7271],[-126.6867,50.7262],[-126.6918,50.7191],[-126.6926,50.7179],[-126.6939,50.7143],[-126.6937,50.7137],[-126.6929,50.7112],[-126.6927,50.7107],[-126.6898,50.7016],[-126.6874,50.7021],[-126.6774,50.7039],[-126.6772,50.7095],[-126.6697,50.7128],[-126.6745,50.7257],[-126.6644,50.7316],[-126.6388,50.7305],[-126.617,50.7329],[-126.6229,50.7164],[-126.5915,50.7142],[-126.5676,50.7264],[-126.5907,50.7346],[-126.6013,50.7401],[-126.6177,50.7433],[-126.6219,50.7489],[-126.6064,50.7532],[-126.5944,50.7642],[-126.5667,50.7652],[-126.5661,50.7764],[-126.6137,50.7854],[-126.6452,50.7819],[-126.6458,50.7693],[-126.6287,50.7674],[-126.6391,50.7606],[-126.6308,50.7594],[-126.6307,50.7517],[-126.6571,50.7433],[-126.6651,50.7439],[-126.6753,50.7398],[-126.6862,50.74],[-126.6863,50.7323],[-126.6863,50.7305],[-126.6863,50.7271]]],[[[-126.6702,50.6593],[-126.6489,50.6797],[-126.6691,50.6857],[-126.6881,50.6796],[-126.6884,50.6795],[-126.6891,50.6793],[-126.6928,50.6778],[-126.6932,50.6672],[-126.691,50.6659],[-126.6778,50.6611],[-126.6715,50.6592],[-126.6702,50.6593]]],[[[-126.5871,50.6403],[-126.5866,50.6487],[-126.6019,50.6562],[-126.6146,50.6577],[-126.6146,50.6576],[-126.5871,50.6403]]]]},"properties":{"UID":"S2_NVI_646","Category_Simple":"Existing MPA/RCA - 'as-is, where-is'","Area_km2":45.96387906225673,"SUBREGION":"NVI","EA_Common_site_name_Site_Profil":"Broughton Site","Exist_AIWI_Type":"BC MP"}},
{"type":"Feature","geometry":{"type":"Polygon","coordinates":[[[-130.3768,53.0934],[-130.4023,53.0676],[-130.1507,52.9848],[-130.1411,52.8639],[-129.8775,52.8714],[-129.8837,52.9174],[-129.9085,52.9311],[-130.0073,52.9724],[-130.0115,53.0187],[-130.1502,53.0909],[-130.3147,53.1561],[-130.3768,53.0934]]]},"properties":{"UID":"S2_NC_361","Category_Simple":"Category 2","Area_km2":444.01713439014054,"SUBREGION":"NC","EA_Common_site_name_Site_Profil":"QCS_Hecate_Strait_N","Exist_AIWI_Type":null}},
{"type":"Feature","geometry":{"type":"Polygon","coordinates":[[[-129.8805,51.8676],[-130.1497,51.7505],[-129.9025,51.5869],[-129.7446,51.6245],[-129.7858,51.6483],[-129.7899,51.6892],[-129.6723,51.7353],[-129.8805,51.8676]]]},"properties":{"UID":"S2_HG_510","Category_Simple":"Category 2","Area_km2":529.9318245667425,"SUBREGION":"HG","EA_Common_site_name_Site_Profil":"QCS_Middle_Trough","Exist_AIWI_Type":null}},
{"type":"Feature","geometry":{"type":"Polygon","coordinates":[[[-130.4875,52.229],[-130.5432,52.1511],[-130.5294,52.0237],[-130.1937,52.0336],[-130.1776,52.0734],[-130.2168,52.3674],[-130.4379,52.3641],[-130.4763,52.2541],[-130.4875,52.229]]]},"properties":{"UID":"S2_HG_511","Category_Simple":"Category 2","Area_km2":783.7675873269766,"SUBREGION":"HG","EA_Common_site_name_Site_Profil":"QCS_Lower_Moresby_Trough","Exist_AIWI_Type":null}},
{"type":"Feature","geometry":{"type":"Polygon","coordinates":[[[-129.873,52.5395],[-129.8628,52.7872],[-130.094,52.7388],[-130.083,52.4954],[-129.8775,52.5009],[-129.8851,52.5348],[-129.873,52.5395]]]},"properties":{"UID":"S2_NC_360","Category_Simple":"Category 2","Area_km2":436.0332386802076,"SUBREGION":"NC","EA_Common_site_name_Site_Profil":"QCS_Hecate_Strait_S","Exist_AIWI_Type":null}},
{"type":"Feature","geometry":{"type":"Polygon","coordinates":[[[-125.5574,50.5049],[-125.5499,50.5239],[-125.5406,50.5302],[-125.5418,50.535],[-125.5317,50.5409],[-125.5261,50.548],[-125.5284,50.5557],[-125.5381,50.5598],[-125.5466,50.5531],[-125.5455,50.548],[-125.5572,50.542],[-125.5717,50.5273],[-125.5855,50.5187],[-125.5843,50.5092],[-125.5778,50.5051],[-125.5574,50.5049]]]},"properties":{"UID":"S2_NVI_1","Category_Simple":"Category 1","Area_km2":10.544303815846371,"SUBREGION":"NVI","EA_Common_site_name_Site_Profil":"Heydon Stafford Estuary and Loughborough Site","Exist_AIWI_Type":null}},
{"type":"Feature","geometry":{"type":"Polygon","coordinates":[[[-125.553,50.6083],[-125.5492,50.5971],[-125.5607,50.5824],[-125.5566,50.5777],[-125.5523,50.5616],[-125.5466,50.5531],[-125.5381,50.5598],[-125.5415,50.5667],[-125.5405,50.5787],[-125.5381,50.5834],[-125.5305,50.5883],[-125.5301,50.595],[-125.5347,50.6098],[-125.553,50.6083]]]},"properties":{"UID":"S2_NVI_2","Category_Simple":"Category 1","Area_km2":7.306836343192661,"SUBREGION":"NVI","EA_Common_site_name_Site_Profil":"Heydon Stafford Estuary and Loughborough Site","Exist_AIWI_Type":null}},
{"type":"Feature","geometry":{"type":"MultiPolygon","coordinates":[[[[-125.5466,50.5531],[-125.5497,50.5507],[-125.5642,50.5434],[-125.5749,50.5285],[-125.6023,50.5175],[-125.59,50.512],[-125.5904,50.5067],[-125.5778,50.5051],[-125.5843,50.5092],[-125.5855,50.5187],[-125.5717,50.5273],[-125.5572,50.542],[-125.5455,50.548],[-125.5466,50.5531]]],[[[-125.5574,50.5049],[-125.5508,50.5049],[-125.5442,50.5134],[-125.5474,50.5206],[-125.5289,50.5346],[-125.53,50.5408],[-125.5218,50.5524],[-125.5262,50.5579],[-125.5371,50.5606],[-125.5381,50.5598],[-125.5284,50.5557],[-125.5261,50.548],[-125.5317,50.5409],[-125.5418,50.535],[-125.5406,50.5302],[-125.5499,50.5239],[-125.5574,50.5049]]]]},"properties":{"UID":"S2_NVI_3","Category_Simple":"Category 1","Area_km2":7.026165077038845,"SUBREGION":"NVI","EA_Common_site_name_Site_Profil":"Heydon Stafford Estuary and Loughborough Site","Exist_AIWI_Type":null}},
{"type":"Feature","geometry":{"type":"MultiPolygon","coordinates":[[[[-125.5347,50.6098],[-125.5301,50.595],[-125.5305,50.5883],[-125.5381,50.5834],[-125.5405,50.5787],[-125.5415,50.5667],[-125.5381,50.5598],[-125.5371,50.5606],[-125.5397,50.5672],[-125.5379,50.5825],[-125.5324,50.5832],[-125.5266,50.5893],[-125.5337,50.6099],[-125.5347,50.6098]]],[[[-125.5573,50.608],[-125.5529,50.5963],[-125.5614,50.5859],[-125.5587,50.5633],[-125.5497,50.5507],[-125.5466,50.5531],[-125.5523,50.5616],[-125.5566,50.5777],[-125.5607,50.5824],[-125.5492,50.5971],[-125.553,50.6083],[-125.5573,50.608]]]]},"properties":{"UID":"S2_NVI_4","Category_Simple":"Category 1","Area_km2":3.3445209239171336,"SUBREGION":"NVI","EA_Common_site_name_Site_Profil":"Heydon Stafford Estuary and Loughborough Site","Exist_AIWI_Type":null}},
{"type":"Feature","geometry":{"type":"Polygon","coordinates":[[[-125.6185,51.0937],[-125.6377,51.093],[-125.637,51.0814],[-125.587,51.0797],[-125.5867,51.094],[-125.6185,51.0937]]]},"properties":{"UID":"S2_NVI_20","Category_Simple":"Existing MPA/RCA - 'as-is, where-is'","Area_km2":4.89086671671044,"SUBREGION":"NVI","EA_Common_site_name_Site_Profil":"Head of Knight Inlet","Exist_AIWI_Type":"BC Cons"}}
]}